transaction_id,wallet_id,timestamp,transaction_type,amount_ngn,fee_ngn,balance_after_ngn,agent_id,channel,device_os,kyc_tier,fraud_flag,churn_30d,is_amount_ngn_outlier,is_fee_ngn_outlier,is_balance_after_ngn_outlier
670cb466-5b2f-4b58-97dd-01bb8e1ec334,WLT-00011948,2024-01-26 09:47:00,airtime,200.0,10.0,12526.048441827523,,ussd,feature_phone,tier1,False,False,False,False,False
43e8b4cf-c0af-42de-a7c5-2fe8918a02ce,WLT-00000012,2024-04-07 12:28:00,airtime,200.0,10.0,9270.42482376136,,app,feature_phone,tier1,False,False,False,False,False
39d3c5f9-36cf-4a09-b419-d39c06101803,WLT-00096156,2024-03-29 17:18:00,billpay,2550.0,10.0,6235.176425051529,,ussd,android,tier1,False,False,False,False,False
60bdf171-b574-4afc-bf4e-fbeb6b701ce2,WLT-00241010,2024-05-10 13:37:00,cashin,100.0,10.0,39951.111769469,AGT-00006361,app,android,tier1,False,False,False,False,True
348cd189-43fa-44e5-b212-54f8b03671a3,WLT-00234927,2024-03-12 18:24:00,airtime,2000.0,10.0,1532.9804795318712,,app,android,tier2,False,False,False,False,False
47b9f201-a9b8-452e-8ae0-6d0c977a2f98,WLT-00000066,2024-03-08 19:14:00,billpay,3100.0,10.0,7664.549890907133,,ussd,android,tier1,False,False,False,False,False
3e0546c1-b992-4305-bacb-0cd058d125ea,WLT-00000318,2024-05-16 06:06:00,airtime,1000.0,10.0,2398.7820947052796,,app,feature_phone,tier2,False,False,False,False,False
e617a26d-4375-43b8-93f8-439807474860,WLT-00036065,2024-01-03 11:11:00,billpay,2450.0,10.0,962.173640956361,,app,android,tier1,False,True,False,False,False
1b4b0a12-339e-4365-a770-d94bfbbad59a,WLT-00000007,2024-03-04 10:34:00,cashin,1500.0,10.0,38504.7403455098,AGT-00005317,ussd,android,tier1,False,False,False,False,True
f6063899-e3fc-48b0-9ef8-fae1a7283fe8,WLT-00126883,2024-02-02 23:25:00,cashin,44300.0,200.0,3725.176634762603,AGT-00002373,app,android,tier2,False,False,True,True,False
009ef875-3a77-472d-8d91-a37647b178f4,WLT-00049902,2024-01-13 13:45:00,p2p_send,300.0,10.0,1371.3007895167982,,app,android,tier2,False,False,False,False,False
8b876c37-27b2-486a-8bd0-5d12f54321f2,WLT-00001388,2024-06-10 16:49:00,p2p_send,700.0,10.0,2432.737756225364,,app,android,tier1,False,False,False,False,False
fbd28459-6283-4490-8d18-57fb5022f61a,WLT-00031026,2024-01-29 11:15:00,p2p_send,3000.0,10.0,64632.01260684468,,app,feature_phone,tier1,False,False,False,False,True
8f31956c-b6ea-422f-817f-eeec97941906,WLT-00000001,2024-04-06 19:10:00,p2p_send,350.0,10.0,8412.415658516904,,app,android,tier2,False,False,False,False,False
9f19cf41-7da2-4d76-8d1c-791f562ec81c,WLT-00004873,2024-04-21 13:32:00,airtime,2000.0,10.0,1399.6868987843886,,ussd,android,tier1,False,False,False,False,False
15753a21-b6e1-437b-942c-1bb5dd397436,WLT-00007887,2024-03-26 09:00:00,cashout,2550.0,10.0,13856.311326648547,AGT-00000437,ussd,feature_phone,tier1,False,False,False,False,False
cf7480b3-8d3e-4de9-9aae-88cfdebd7f14,WLT-00001001,2024-03-15 15:01:00,airtime,1500.0,10.0,3683.4042717786365,,ussd,feature_phone,tier2,False,False,False,False,False
004a81aa-6998-4108-93f8-6ce80da85969,WLT-00339795,2024-06-21 14:06:00,p2p_receive,600.0,10.0,9160.416252422949,,agent,ios,tier1,False,False,False,False,False
5a6bd461-e034-4214-bb55-9e1c7e5f42f7,WLT-00372401,2024-04-04 20:29:00,airtime,1000.0,10.0,19284.833460602673,,app,ios,tier1,False,False,False,False,False
92f9fa79-a0f9-43b0-9752-f9d17841d803,WLT-00189139,2024-04-02 18:32:00,airtime,500.0,10.0,27155.000373158146,,ussd,android,tier1,False,True,False,False,False
31f688b4-e83d-467f-8dc1-9fac0c1d21a7,WLT-00000148,2024-01-06 07:43:00,cashin,2250.0,10.0,20240.05586875057,AGT-00005294,ussd,feature_phone,tier1,False,False,False,False,False
bfbd9a6a-9576-489c-80c1-32ae105a8425,WLT-00311487,2024-05-20 12:37:00,p2p_receive,2500.0,10.0,15532.8190404821,,ussd,android,tier1,False,False,False,False,False
c7b04958-1d83-4032-97fb-6edd77bed07b,WLT-00000004,2024-01-02 06:26:00,p2p_send,650.0,10.0,18813.747659127377,,ussd,feature_phone,tier2,False,False,False,False,False
aa4feb59-2a77-46da-892a-27c1967784de,WLT-00180734,2024-03-25 09:35:00,p2p_receive,1000.0,10.0,4036.60157255782,,app,android,tier2,False,False,False,False,False
ef1729a9-c3a0-4635-9f5a-d86d003dd9fc,WLT-00000108,2024-01-22 10:21:00,billpay,100.0,10.0,30704.576723004233,,ussd,android,tier1,False,False,False,False,False
3d2006b8-cc64-4656-b16b-337911380362,WLT-00017236,2024-04-01 10:19:00,p2p_send,4050.0,10.0,8389.387970743088,,ussd,android,tier1,False,False,False,False,False
94a47a69-49aa-4af2-bde4-ee0602529b44,WLT-00008316,2024-01-27 13:33:00,p2p_send,1800.0,10.0,10148.994493216902,,agent,feature_phone,tier1,False,False,False,False,False
7eeaacfd-0961-4782-b6f0-c4270f8d9468,WLT-00073249,2024-02-18 20:04:00,p2p_receive,900.0,10.0,4207.950439246126,,app,android,tier1,False,False,False,False,False
5b854390-4200-4211-8eb4-14ce5dd61329,WLT-00019313,2024-01-10 18:16:00,p2p_send,2600.0,10.0,8666.480635910239,,ussd,android,tier1,False,False,False,False,False
a53d71f3-da81-46e9-ab33-05bbd9f58831,WLT-00071329,2024-06-03 23:45:00,p2p_receive,19400.0,194.0,3592.8383364200163,,ussd,android,tier1,False,False,True,True,False
e9e30e8e-0c71-4ad2-aae5-529379da11c6,WLT-00021963,2024-03-15 13:45:00,cashout,250.0,10.0,7232.617845176086,AGT-00007187,app,android,tier2,False,False,False,False,False
374529fe-1f67-4236-9928-b0406a053d7e,WLT-00000298,2024-04-07 15:38:00,airtime,500.0,10.0,18943.574341235068,,ussd,android,tier1,False,False,False,False,False
dde15ae0-fbea-48b5-8258-6f53ac23e87e,WLT-00000001,2024-05-23 23:57:00,cashout,41300.0,200.0,9145.206615235847,AGT-00004656,app,android,tier2,False,False,True,True,False
2ecdd731-9140-4959-b2ab-73e0fa89a3d8,WLT-00046349,2024-06-14 17:36:00,airtime,2000.0,10.0,1684.7730699423653,,agent,android,tier1,False,False,False,False,False
4819c177-ee15-4bd8-a9cb-e8161cd8bae4,WLT-00001284,2024-06-03 16:43:00,p2p_receive,3600.0,10.0,11049.359449040787,,ussd,android,tier1,False,False,False,False,False
23cb21be-1112-4b23-9fbe-f1dedd320134,WLT-00032948,2024-04-13 23:22:00,p2p_send,4500.0,10.0,30065.30608077879,,ussd,android,tier1,False,False,False,False,False
8b760d19-78f8-42bb-b622-12500efbbd8a,WLT-00000264,2024-01-15 18:50:00,p2p_send,14750.0,147.5,5651.522766746422,,ussd,android,tier2,False,False,True,True,False
ae81a763-efe0-42bd-84f4-b7bdaab13d05,WLT-00000126,2024-03-21 10:01:00,p2p_receive,300.0,10.0,9014.709526571016,,app,feature_phone,tier1,False,False,False,False,False
2bbc7e1e-f2f5-4779-8c23-773b5890a95b,WLT-00019840,2024-01-05 09:00:00,p2p_receive,1000.0,10.0,2381.2751276101103,,ussd,feature_phone,tier1,False,False,False,False,False
f992abe2-8196-4fd3-be97-d615bd6afe09,WLT-00000002,2024-06-28 21:09:00,p2p_receive,250.0,10.0,12024.32008582159,,ussd,android,tier1,False,False,False,False,False
6bb44055-880b-4f60-bae3-95d6ba945348,WLT-00089902,2024-06-29 18:17:00,cashin,7950.0,79.5,7348.437237297186,AGT-00001165,ussd,feature_phone,tier2,False,False,False,True,False
e84a3686-9b56-4b93-b280-28a01c96e276,WLT-00020758,2024-01-20 16:25:00,p2p_receive,2250.0,10.0,71518.89398816026,,agent,android,tier1,False,False,False,False,True
41786d7a-4ba0-47c1-a869-b52c8405075f,WLT-00004555,2024-04-22 08:18:00,airtime,200.0,10.0,4591.395868512026,,app,feature_phone,tier2,False,False,False,False,False
2b840121-d7f9-44fd-9a91-a4e61525a779,WLT-00109888,2024-03-30 20:46:00,billpay,3300.0,10.0,12678.015728735934,,ussd,feature_phone,tier2,False,False,False,False,False
8846766e-5170-4e38-a4ee-28c38f575c21,WLT-00009142,2024-02-16 18:14:00,p2p_send,650.0,10.0,15728.821672893357,,ussd,android,tier1,False,False,False,False,False
b759f1ed-6415-45e8-8ec6-2bc3119c0e82,WLT-00004532,2024-02-26 12:57:00,cashout,16800.0,168.0,59990.65897620529,AGT-00000306,ussd,android,tier1,True,False,True,True,True
899b497a-85ba-4b02-addc-c6cf872b112d,WLT-00004846,2024-01-22 20:46:00,p2p_receive,10000.0,100.0,20753.97558974603,,agent,feature_phone,tier1,False,False,True,True,False
88c125f5-6e6a-4db5-8119-fae6da62c186,WLT-00000082,2024-04-12 11:59:00,p2p_receive,1200.0,10.0,4948.580504021899,,app,feature_phone,tier2,False,False,False,False,False
360b9195-2ddf-45a7-a657-937ddaab675e,WLT-00000001,2024-01-13 12:32:00,cashout,1550.0,10.0,11025.005342229844,AGT-00002514,ussd,android,tier2,True,False,False,False,False
4170469e-4592-43bf-952c-ff7ba707ef79,WLT-00000434,2024-04-26 12:11:00,p2p_send,39300.0,200.0,12449.371496685353,,app,android,tier1,False,False,True,True,False
7dde2afd-945d-4518-8496-688b4be9c3ad,WLT-00026216,2024-04-05 17:33:00,cashout,5400.0,54.0,9161.088496835275,AGT-00007278,app,android,tier2,False,False,False,True,False
7cb534c3-39af-4a4d-8e5b-37efe30ed6dd,WLT-00000218,2024-06-16 09:37:00,cashin,3600.0,10.0,52275.25704818704,AGT-00006003,ussd,ios,tier1,False,False,False,False,True
b84f99dd-c5a0-4bae-a977-f8a773c0632c,WLT-00000144,2024-05-16 19:11:00,p2p_receive,1750.0,10.0,16586.959665523995,,agent,android,tier2,False,False,False,False,False
e6be0633-a204-41fe-adb2-0b8faf66e5c4,WLT-00138678,2024-03-04 07:34:00,p2p_receive,200.0,10.0,16520.471706367174,,ussd,feature_phone,tier1,False,False,False,False,False
d254fa00-26e3-4c6a-84bb-533259d9850c,WLT-00375890,2024-03-23 20:15:00,p2p_receive,1400.0,10.0,23748.780819707466,,ussd,feature_phone,tier2,False,False,False,False,False
8fd3b628-d27d-4fd2-838f-6bea536c6b61,WLT-00000030,2024-06-14 20:50:00,cashout,650.0,10.0,13741.624302017846,AGT-00002744,ussd,feature_phone,tier3,False,False,False,False,False
30931128-a07d-41b2-a0d3-2846f2de7a67,WLT-00176757,2024-06-16 21:23:00,cashin,6600.0,66.0,2714.9352714265783,AGT-00001913,agent,feature_phone,tier1,False,False,False,True,False
9399cfb2-a0c4-43c0-8ec6-4313a2a6f9ce,WLT-00019011,2024-02-22 14:11:00,cashout,12500.0,125.0,1602.252916598874,AGT-00004677,ussd,android,tier1,False,False,True,True,False
cf033b68-17c2-4dc1-9f92-312d27a1bc14,WLT-00008106,2024-03-12 23:39:00,airtime,2000.0,10.0,9522.965029659443,,ussd,android,tier1,False,False,False,False,False
3a602457-76db-4460-99c4-73f21f9da490,WLT-00000407,2024-02-22 18:58:00,airtime,200.0,10.0,3166.48760028774,,agent,android,tier1,False,True,False,False,False
87c20be3-b6c3-4a54-bb11-c71efaefb8d3,WLT-00000730,2024-04-13 15:14:00,cashin,300.0,10.0,14567.213717270566,AGT-00003866,ussd,feature_phone,tier1,False,False,False,False,False
fe7fca83-d8c2-4847-9624-0daf0b86251a,WLT-00000006,2024-04-18 07:14:00,airtime,2000.0,10.0,2710.5175779412716,,app,android,tier1,False,True,False,False,False
6f247be7-b037-4e21-9b05-3b424214fad4,WLT-00000153,2024-05-12 13:14:00,billpay,16050.0,160.5,1940.2379051393277,,ussd,android,tier1,False,False,True,True,False
950eb212-f970-40b6-a39b-8c4dc22c80bc,WLT-00252453,2024-06-09 19:21:00,billpay,3550.0,10.0,4440.784547220393,,agent,android,tier2,False,False,False,False,False
f874df63-4e26-48c2-b86e-a726dca8a43a,WLT-00000158,2024-01-16 20:53:00,billpay,1350.0,10.0,38562.81869681428,,ussd,android,tier1,False,False,False,False,True
47b97802-b24f-463a-ad2a-8a8aeae35696,WLT-00277864,2024-05-14 11:22:00,airtime,2000.0,10.0,4038.5222214662413,,ussd,android,tier1,False,True,False,False,False
0ac7dd94-9680-46cf-9ca9-a692d8e94a92,WLT-00000123,2024-04-13 10:42:00,airtime,2000.0,10.0,4023.3563115017137,,app,android,tier1,False,False,False,False,False
3486149f-03b3-4438-ac4e-8a799065a601,WLT-00020615,2024-03-15 12:18:00,p2p_send,7100.0,71.0,732.1760373582179,,ussd,android,tier2,False,True,False,True,False
30237149-e463-487d-a323-9e5881697391,WLT-00000005,2024-06-20 12:33:00,billpay,2650.0,10.0,49716.319395264814,,ussd,android,tier1,False,False,False,False,True
591e7a05-f127-47e8-92f1-9daa1473ffbc,WLT-00000001,2024-06-24 19:29:00,p2p_send,450.0,10.0,8232.589360687354,,agent,android,tier2,False,False,False,False,False
840446c6-d918-42eb-a096-735ae544ff93,WLT-00000063,2024-02-01 17:49:00,p2p_send,3000.0,10.0,3657.871197893841,,ussd,android,tier1,False,False,False,False,False
bcb9f83e-f299-472a-bd2e-3e3e4d70e2ec,WLT-00049514,2024-05-09 16:35:00,p2p_send,650.0,10.0,20891.219557505516,,app,android,tier1,False,False,False,False,False
66d54375-8b15-4932-b6a4-02f707374907,WLT-00000002,2024-03-10 06:57:00,airtime,200.0,10.0,30478.217079406306,,agent,ios,tier1,False,True,False,False,False
dba6929a-e1ae-4154-8a49-53eb7e8c1c2f,WLT-00000008,2024-01-02 13:05:00,cashin,500.0,10.0,5661.330982040585,AGT-00000908,ussd,feature_phone,tier2,False,False,False,False,False
3953155e-4eb8-422b-9a4e-cb1f0eefd24d,WLT-00000947,2024-06-27 19:14:00,p2p_send,350.0,10.0,4915.492535114537,,app,feature_phone,tier1,False,False,False,False,False
d074bb4b-a6db-4475-ad6e-fe3d415ee5b2,WLT-00000577,2024-05-30 12:38:00,cashout,4150.0,10.0,6833.897980087361,AGT-00005351,app,feature_phone,tier1,False,False,False,False,False
9afe4691-ba99-4705-adf6-7ce873f4fab9,WLT-00000807,2024-02-11 09:50:00,p2p_receive,7600.0,76.0,10709.624254748414,,app,ios,tier2,False,False,False,True,False
862c33a6-acee-4799-a6a3-247de76365d8,WLT-00006015,2024-01-02 12:47:00,cashout,5450.0,54.5,1155.7270789994036,AGT-00002125,agent,android,tier1,False,False,False,True,False
733e585a-ab9f-4675-8bd5-9132cd73821d,WLT-00000090,2024-04-06 19:16:00,p2p_send,2450.0,10.0,24768.018658766487,,ussd,android,tier2,False,False,False,False,False
70335f28-1593-48de-ab78-4eef3b6fee9f,WLT-00000002,2024-01-07 15:04:00,cashin,39800.0,200.0,12049.000706187315,AGT-00004354,ussd,android,tier1,False,False,True,True,False
24f68192-e170-49e1-970d-eec5a61d576c,WLT-00000040,2024-06-26 19:54:00,p2p_receive,1100.0,10.0,39521.75156741783,,agent,feature_phone,tier1,False,False,False,False,True
52a5ed80-ccc4-4cf0-891c-9198596ab27e,WLT-00158761,2024-01-17 14:43:00,p2p_send,650.0,10.0,29405.351610446884,,ussd,android,tier1,False,False,False,False,False
62076a8a-88b4-4927-90a7-44ba833effb6,WLT-00000168,2024-03-17 18:38:00,p2p_send,450.0,10.0,44786.03226358794,,ussd,android,tier1,False,False,False,False,True
319e600a-fa17-4f3a-a008-d8ac0deba6cf,WLT-00008664,2024-05-13 13:49:00,cashin,7400.0,74.0,4261.554957529986,AGT-00009908,app,android,tier1,False,False,False,True,False
2ba87abb-7fa5-40dc-9b07-e4e87840041a,WLT-00000156,2024-01-31 21:39:00,cashout,1450.0,10.0,22254.382845827386,AGT-00000789,ussd,android,tier1,False,False,False,False,False
5c7023c4-6aa2-4bbf-a9fc-48ec715f3a34,WLT-00359144,2024-05-12 21:50:00,p2p_receive,1350.0,10.0,2537.1015245356557,,ussd,feature_phone,tier1,False,False,False,False,False
94138135-3e7e-4e77-aad6-2d46fbf55d73,WLT-00000360,2024-03-31 20:58:00,p2p_send,1750.0,10.0,5611.583467260292,,ussd,ios,tier2,False,False,False,False,False
475d8adc-b1aa-45ea-8d13-1c01c7a0313d,WLT-00000056,2024-01-25 10:02:00,airtime,1500.0,10.0,14009.73553595113,,agent,feature_phone,tier1,False,True,False,False,False
af92dc9b-ce81-4e7c-ab8d-cc2bca104304,WLT-00027145,2024-04-06 18:23:00,cashin,1450.0,10.0,3135.3685164362364,AGT-00004715,app,android,tier2,False,False,False,False,False
c8b96aca-5262-48a9-9cec-11f76aa5f1ca,WLT-00001606,2024-03-08 12:30:00,airtime,500.0,10.0,2424.798597463415,,app,android,tier2,False,False,False,False,False
c237ee29-6b49-45b8-92ea-c28a25d10d5f,WLT-00035074,2024-05-25 18:16:00,airtime,500.0,10.0,1792.6309589899902,,ussd,android,tier3,False,False,False,False,False
94724fd1-9858-43e6-9faf-9c58e7767bf8,WLT-00039683,2024-03-09 19:22:00,p2p_send,14850.0,148.5,17200.78095770638,,ussd,feature_phone,tier1,False,False,True,True,False
9ab26292-b932-4add-a92e-bdf0f49bf896,WLT-00057389,2024-06-29 18:26:00,p2p_receive,2950.0,10.0,5726.884000366553,,ussd,feature_phone,tier2,False,False,False,False,False
560ad4d4-5316-473d-b4d4-090839ddbe31,WLT-00000075,2024-02-16 12:09:00,data,1000.0,10.0,5744.889709825796,,agent,android,tier1,False,False,False,False,False
7780e27e-e7c5-4def-b62c-5ae47371d018,WLT-00000041,2024-03-25 08:32:00,airtime,200.0,10.0,10695.788807473982,,ussd,android,tier2,False,False,False,False,False
7ba3664c-87cc-4c83-a774-a53443e359e7,WLT-00000001,2024-04-23 11:14:00,cashout,3450.0,10.0,6976.732053367976,AGT-00003094,ussd,android,tier2,True,False,False,False,False
29e99008-79ea-4c0c-b59c-10a08fb4f738,WLT-00121826,2024-03-19 05:47:00,cashin,1950.0,10.0,11964.819824168868,AGT-00005661,app,android,tier1,False,False,False,False,False
027b77e4-43c0-44a1-b7be-b16f8dddfb06,WLT-00165014,2024-02-18 07:25:00,cashin,9650.0,96.5,1932.1527565879724,AGT-00006699,ussd,android,tier1,False,False,True,True,False
a65d82c6-8996-4361-8547-f59ec15a5357,WLT-00100358,2024-01-04 19:20:00,p2p_receive,1300.0,10.0,23593.459449025166,,ussd,android,tier3,False,False,False,False,False
f6034ef6-9948-4bd6-947d-2f5cd6695057,WLT-00262080,2024-05-23 15:53:00,billpay,5400.0,54.0,2686.6666043953046,,agent,android,tier2,False,False,False,True,False
7ca24277-0822-4570-a533-0fe32f5f0dcc,WLT-00024236,2024-03-10 19:11:00,cashout,10850.0,108.5,4617.941310136443,AGT-00009680,app,android,tier1,True,False,True,True,False
355dc3fa-717a-4104-b73a-92675c7c0823,WLT-00001000,2024-04-28 16:45:00,cashin,43150.0,200.0,23210.973179737684,AGT-00008560,ussd,feature_phone,tier1,False,False,True,True,False
2e173e61-18aa-4a28-93ab-843dbabc9011,WLT-00055361,2024-05-28 09:40:00,airtime,1500.0,10.0,6748.284188908996,,ussd,android,tier2,False,False,False,False,False
5fae9387-df62-4750-a3cb-55fbcae7862b,WLT-00003812,2024-06-04 11:13:00,p2p_send,2250.0,10.0,11648.546234806041,,app,ios,tier1,False,False,False,False,False
a8a9f745-9f44-43a9-a5b9-c2823bf26b1e,WLT-00000002,2024-06-17 09:54:00,p2p_send,11050.0,110.5,10797.366482032265,,app,android,tier1,False,False,True,True,False
b4814705-3c0f-4d1d-b214-c871f02da929,WLT-00011287,2024-06-11 11:52:00,airtime,1500.0,10.0,4629.005408174665,,ussd,android,tier2,False,False,False,False,False
41df15bb-04f5-456b-864f-21254bb9a76e,WLT-00017410,2024-03-21 20:45:00,p2p_send,4150.0,10.0,13467.192665730503,,ussd,ios,tier2,False,False,False,False,False
209f6990-5baf-4d77-823c-de4b3b0931fd,WLT-00000120,2024-01-30 15:53:00,data,1500.0,10.0,5136.047688670683,,app,android,tier2,False,False,False,False,False
97a6ff91-1e8a-4ea2-b691-3e5d6431d912,WLT-00074632,2024-05-27 12:22:00,cashout,1300.0,10.0,7569.354163607898,AGT-00009056,app,android,tier1,False,False,False,False,False
8e341ede-f032-4a8b-9ce7-926a25f9e3b0,WLT-00000405,2024-04-26 12:56:00,cashout,900.0,10.0,4592.048584042129,AGT-00004526,agent,android,tier2,True,False,False,False,False
8539606e-820a-4255-96b2-8049d35af07e,WLT-00000921,2024-03-03 11:49:00,p2p_send,8750.0,87.5,89541.62355241283,,app,android,tier2,False,False,False,True,True
0a4d2ab6-70a9-4b8e-827a-da134060b82e,WLT-00111574,2024-01-28 18:17:00,p2p_send,8150.0,81.5,3441.892090753813,,ussd,android,tier3,False,False,False,True,False
4943f384-a34c-4660-be56-77015abb5b6b,WLT-00269228,2024-01-02 04:46:00,p2p_receive,1050.0,10.0,6082.619402074464,,ussd,android,tier1,False,False,False,False,False
ba8f576c-ff94-497b-98c3-d6d8ced7197d,WLT-00089536,2024-03-15 10:34:00,airtime,1500.0,10.0,3199.1947178815767,,app,android,tier2,False,False,False,False,False
60a21ba0-3729-4439-b27e-22764557e646,WLT-00020923,2024-05-25 14:42:00,cashin,7400.0,74.0,30523.29875070595,AGT-00005437,ussd,android,tier1,False,False,False,True,False
54157258-3479-4b40-bfe7-dd1aec5b4ea4,WLT-00000427,2024-03-10 16:46:00,p2p_send,20500.0,200.0,6177.319261754262,,ussd,android,tier2,False,False,True,True,False
4a7295d9-f365-49bb-afde-d34163b5eaed,WLT-00063966,2024-02-05 18:03:00,p2p_send,1250.0,10.0,3584.4619512655554,,ussd,android,tier1,False,False,False,False,False
77206e3a-a6ed-4f06-966c-5968b402e59e,WLT-00023769,2024-02-19 11:43:00,p2p_receive,1800.0,10.0,4639.0573482635455,,ussd,android,tier1,False,False,False,False,False
c3b6b7c3-1615-4c3b-9f37-3b2f5ef63989,WLT-00116217,2024-02-13 14:42:00,p2p_receive,2450.0,10.0,35973.443072427384,,app,android,tier3,False,False,False,False,True
703dee21-e3f0-4f9f-991b-2620d03c4cae,WLT-00021578,2024-01-10 19:43:00,p2p_send,2100.0,10.0,2805.4601926930286,,ussd,feature_phone,tier2,False,False,False,False,False
3659ba7e-01d6-44ae-a2a9-866e63c55984,WLT-00003297,2024-04-26 10:27:00,p2p_send,1350.0,10.0,2632.494478668121,,app,android,tier1,False,False,False,False,False
7c45bcb8-632c-4314-81d5-111558b2a8f1,WLT-00000434,2024-03-15 13:10:00,billpay,6550.0,65.5,6311.778108852119,,ussd,android,tier1,False,False,False,True,False
cff40422-1b3f-44cc-8f97-d6cdb13b0cd6,WLT-00001288,2024-01-20 11:43:00,cashin,3800.0,10.0,6123.841453517852,AGT-00007732,app,android,tier2,False,False,False,False,False
8e0682d1-4fac-428c-aa89-a9ba78ee8a1d,WLT-00335650,2024-02-02 20:52:00,cashout,13000.0,130.0,19255.990150508915,AGT-00003626,app,android,tier1,False,False,True,True,False
9d21a7e8-1005-4501-9603-f04dbb06383f,WLT-00077041,2024-02-24 12:14:00,cashout,18150.0,181.5,1689.766277951738,AGT-00003472,ussd,android,tier1,False,False,True,True,False
9593144f-2c85-46c6-aa57-6616d9f0a1fe,WLT-00009809,2024-06-27 09:54:00,p2p_send,16200.0,162.0,29441.63884242326,,ussd,android,tier2,False,False,True,True,False
9b7a644e-cf37-4bc2-b9d0-47120a595eb2,WLT-00004689,2024-02-19 16:00:00,cashin,400.0,10.0,34040.572404175546,AGT-00009031,app,feature_phone,tier2,False,False,False,False,True
bcecf87c-b777-474c-9ddb-0f2d4cf581da,WLT-00243350,2024-02-15 18:19:00,p2p_receive,4600.0,10.0,1551.1726395206788,,app,android,tier2,False,False,False,False,False
2061b9e5-38e9-465f-837e-084600f47518,WLT-00187429,2024-06-26 11:55:00,airtime,2000.0,10.0,2963.539537468206,,app,android,tier1,False,False,False,False,False
efb34562-ae49-4b76-ad2e-cf4bbc301bb6,WLT-00303919,2024-03-12 13:51:00,billpay,1500.0,10.0,11337.127568611226,,app,feature_phone,tier2,False,False,False,False,False
95960ce6-0a1c-41c2-8b27-3ecc0ec260e9,WLT-00045748,2024-03-23 08:55:00,airtime,1500.0,10.0,8070.562443252682,,app,android,tier2,False,False,False,False,False
ee296fb8-25e9-4fad-939c-7fa24885f3d7,WLT-00005938,2024-05-29 19:14:00,cashin,700.0,10.0,16993.115273248364,AGT-00009545,app,android,tier2,False,False,False,False,False
d6bf83f8-3e98-4803-ad4d-407667bac50f,WLT-00000910,2024-02-25 15:36:00,airtime,200.0,10.0,10039.879519102398,,app,android,tier2,False,False,False,False,False
1fb64686-a7f8-4f37-af24-a74800c8054d,WLT-00000048,2024-01-16 13:37:00,cashout,1900.0,10.0,13619.79243022484,AGT-00009437,app,android,tier2,False,False,False,False,False
c4f95f1c-fdc6-4822-ab0a-ef69be2db06a,WLT-00002948,2024-06-15 11:02:00,cashin,2150.0,10.0,2191.9077515302247,AGT-00005565,app,android,tier1,False,False,False,False,False
56a5aeb4-f27b-41bb-8f1c-94c28b95f599,WLT-00000008,2024-03-04 19:46:00,billpay,21550.0,200.0,14209.114484144879,,ussd,android,tier2,False,False,True,True,False
2c8da56c-c64b-4c6a-8cda-a9db7ee5ae94,WLT-00143490,2024-03-31 15:41:00,p2p_receive,12100.0,121.0,1835.517988653842,,ussd,android,tier2,False,False,True,True,False
15a75341-b786-4ae0-91f0-bb1983533fbc,WLT-00042091,2024-01-06 07:46:00,airtime,1500.0,10.0,1463.9985533524302,,ussd,android,tier2,False,False,False,False,False
8ec033f6-5b41-4f7c-bbe3-abad6e621e3a,WLT-00126355,2024-04-13 17:31:00,cashout,5050.0,50.5,1370.2998284542778,AGT-00002059,ussd,android,tier2,False,False,False,True,False
426e0eb6-085a-4d5e-9672-feebfcd033c4,WLT-00033847,2024-03-02 13:26:00,airtime,2000.0,10.0,96906.65776057454,,agent,ios,tier3,False,False,False,False,True
76bda6f0-db6e-4d6f-957a-b1f2046e33ca,WLT-00075582,2024-02-03 16:09:00,billpay,24950.0,200.0,8927.550795089293,,ussd,feature_phone,tier1,False,False,True,True,False
49b3849f-edcd-4963-b981-fbe2724b8142,WLT-00028619,2024-05-08 18:37:00,airtime,1000.0,10.0,11873.096925120792,,ussd,android,tier3,False,False,False,False,False
45033b99-9422-49e1-b578-0683b0db603f,WLT-00356372,2024-03-04 17:54:00,airtime,2000.0,10.0,30871.399195810565,,ussd,feature_phone,tier2,False,False,False,False,False
31573f80-769e-4897-b823-4f4f248a0c45,WLT-00153992,2024-04-09 12:06:00,billpay,4600.0,10.0,4283.238256164913,,agent,android,tier2,False,False,False,False,False
3c6a9555-bcd4-43ab-b088-686706314f9a,WLT-00001814,2024-03-04 11:06:00,airtime,500.0,10.0,18666.705629072974,,ussd,android,tier1,False,True,False,False,False
9f87dd16-d2d8-4e97-b397-b2bffe694a3d,WLT-00000001,2024-01-02 23:24:00,p2p_receive,26250.0,200.0,9712.741974119057,,ussd,android,tier2,False,False,True,True,False
d59b0eb8-9ab7-434d-b122-58b9a30f4b59,WLT-00187958,2024-01-16 09:44:00,cashin,5800.0,58.0,11255.727846957734,AGT-00000192,app,android,tier1,False,False,False,True,False
348ede81-27f7-4200-a011-5374c0def5dc,WLT-00206789,2024-03-29 10:06:00,airtime,1500.0,10.0,10747.316536509223,,ussd,android,tier2,False,False,False,False,False
9a31d892-76c5-4b81-8c04-7479ad0a34db,WLT-00006271,2024-04-25 16:46:00,p2p_send,1350.0,10.0,3297.3823796562797,,ussd,android,tier1,False,False,False,False,False
16cbe8ac-c734-4017-98b1-b45b6ce1040f,WLT-00259393,2024-04-24 19:50:00,p2p_receive,6950.0,69.5,4714.61812145554,,ussd,android,tier1,False,False,False,True,False
8be16169-b374-44ba-884b-83ea62f7f8b3,WLT-00035332,2024-04-08 19:58:00,airtime,1000.0,10.0,6761.9994391236005,,app,android,tier1,False,True,False,False,False
62b29069-3b4c-4406-99ca-d40cbaa35725,WLT-00304433,2024-06-23 16:40:00,billpay,3800.0,10.0,1685.8933025904687,,app,feature_phone,tier2,False,False,False,False,False
9a578553-d811-4581-9c56-f2a92acc4c4d,WLT-00000005,2024-04-05 20:32:00,p2p_receive,1900.0,10.0,1243.9606694979698,,app,android,tier1,False,False,False,False,False
25fee38b-acf0-4717-b097-03998e0b4a46,WLT-00205747,2024-04-15 11:08:00,p2p_send,350.0,10.0,7102.374446712583,,ussd,android,tier1,False,False,False,False,False
2a65e2ac-9fcf-4815-b32b-0a73a0377973,WLT-00000008,2024-02-09 18:28:00,p2p_receive,6250.0,62.5,3840.6502849243066,,ussd,feature_phone,tier2,False,False,False,True,False
8c9296f9-a826-4eb9-92b9-97e5603403c8,WLT-00000977,2024-01-03 08:14:00,billpay,1800.0,10.0,802.5788585648253,,ussd,android,tier1,False,True,False,False,False
0eac3047-56c5-4933-9643-f776666cb5b6,WLT-00342097,2024-04-26 18:08:00,p2p_send,37750.0,200.0,7841.121343997722,,ussd,android,tier1,False,False,True,True,False
9e3cb721-f245-4d08-9c10-db05655bf8b7,WLT-00009382,2024-03-13 11:17:00,cashin,1800.0,10.0,5973.948234397486,AGT-00008782,ussd,android,tier1,False,False,False,False,False
547c575a-e1cf-4ba0-98b2-3a49b03298fa,WLT-00000002,2024-02-25 11:48:00,p2p_send,1000.0,10.0,3261.5620125377786,,agent,feature_phone,tier1,False,False,False,False,False
2af84eda-b95d-4d11-a13a-4f0d144d3049,WLT-00000022,2024-03-27 23:49:00,p2p_send,4400.0,10.0,9401.993648502077,,ussd,android,tier1,False,False,False,False,False
ce203547-3ed7-4a3f-aa42-3435adf0374c,WLT-00001649,2024-04-24 20:27:00,cashout,250.0,10.0,3904.7058895570963,AGT-00006990,app,android,tier1,False,False,False,False,False
cf5d95ce-f5f9-4d7e-8193-fe26c59bbbd6,WLT-00000059,2024-04-21 19:09:00,cashin,15250.0,152.5,89294.31579618718,AGT-00007422,app,ios,tier1,False,False,True,True,True
1758e836-39fb-48a7-89cb-8b1f845a02f0,WLT-00061656,2024-03-13 22:35:00,p2p_send,2500.0,10.0,12021.891407426503,,app,feature_phone,tier2,False,False,False,False,False
290c25ed-1946-472e-9638-3d3e46d00f49,WLT-00266251,2024-03-25 16:19:00,airtime,500.0,10.0,6197.68792898917,,ussd,android,tier1,False,True,False,False,False
aabeba84-8c54-4e58-835e-fe4e2ba54491,WLT-00008402,2024-05-03 11:21:00,p2p_send,2900.0,10.0,10327.674562244765,,app,android,tier2,False,False,False,False,False
dce4f4c6-0488-4b28-958f-26bdbdc63814,WLT-00006862,2024-06-27 19:57:00,airtime,1500.0,10.0,3710.3452812688456,,ussd,android,tier2,False,False,False,False,False
27d1bfff-b0ce-474f-b37e-9099a70e56c9,WLT-00000239,2024-05-01 19:37:00,airtime,1500.0,10.0,3051.444585121829,,app,android,tier2,False,False,False,False,False
a71f6222-a285-4546-9635-c988c5241566,WLT-00000074,2024-04-29 20:56:00,cashin,13900.0,139.0,14582.202490632704,AGT-00009605,ussd,feature_phone,tier1,False,False,True,True,False
a1b7399a-ccd5-4d03-a2de-cccfad595f27,WLT-00000720,2024-05-14 11:14:00,cashin,3400.0,10.0,31075.63155027099,AGT-00006852,app,android,tier2,False,False,False,False,False
18a41ea1-d50f-41f3-abd6-6cbf93ac3f33,WLT-00223991,2024-06-20 07:37:00,billpay,900.0,10.0,24726.28566123869,,ussd,android,tier1,False,False,False,False,False
06816a11-b685-4d10-babc-a9b94a2cd327,WLT-00015792,2024-03-27 08:58:00,p2p_send,30400.0,200.0,2557.423727491108,,agent,android,tier1,False,False,True,True,False
5de4011f-8724-439a-8fd1-66380412c0bb,WLT-00165980,2024-05-06 13:08:00,p2p_receive,8750.0,87.5,11333.312146506583,,ussd,android,tier1,False,False,False,True,False
0de7c2dc-3ade-4da8-88aa-1dfa71a59b0f,WLT-00049023,2024-01-05 15:21:00,billpay,9100.0,91.0,11114.236621866525,,ussd,android,tier2,False,False,False,True,False
984c2e6f-401f-4ad8-97b7-7ee604a659b8,WLT-00000179,2024-03-02 08:36:00,billpay,2150.0,10.0,12450.68375539623,,agent,feature_phone,tier1,False,False,False,False,False
5c197d7e-0773-4f70-b540-35c5545d8aae,WLT-00012438,2024-06-26 18:49:00,billpay,3850.0,10.0,17919.036398929544,,ussd,android,tier1,False,False,False,False,False
0ef6c5a8-2720-498d-96c4-13479c53c2ad,WLT-00000002,2024-06-22 16:55:00,billpay,350.0,10.0,19060.509326123898,,agent,android,tier1,False,False,False,False,False
b682eb67-edee-49fb-80cf-dc7ebf630709,WLT-00016317,2024-01-30 16:41:00,cashout,950.0,10.0,13927.222283526235,AGT-00007653,app,android,tier2,False,False,False,False,False
85887b15-160b-4183-99cd-0137dad841bc,WLT-00035222,2024-02-19 10:26:00,airtime,2000.0,10.0,10880.424974583899,,agent,android,tier1,False,False,False,False,False
438dac54-3086-4066-b4a5-f5322a19d111,WLT-00001690,2024-02-10 09:55:00,airtime,500.0,10.0,1273.306945817628,,agent,feature_phone,tier3,False,False,False,False,False
6cb496d8-0ab7-4099-aeb6-4d6a03c27f4b,WLT-00115130,2024-04-28 08:39:00,airtime,200.0,10.0,14998.801739280509,,web,android,tier2,False,False,False,False,False
ac36d9fe-b9ba-46de-96d1-666cf8b9d206,WLT-00000002,2024-02-05 07:36:00,airtime,1500.0,10.0,23887.19720629115,,ussd,android,tier1,False,True,False,False,False
4e7b72ba-f129-40a4-bb23-a7bbd5f46551,WLT-00140703,2024-05-20 22:58:00,cashin,1900.0,10.0,5742.440992297077,AGT-00001546,app,feature_phone,tier1,False,False,False,False,False
68ece1ba-68a8-4d27-8351-07629cd1ce7b,WLT-00039458,2024-01-09 06:28:00,billpay,4500.0,10.0,9090.778030391555,,ussd,android,tier1,False,False,False,False,False
8f461d76-bb04-424d-b630-6057d9e9aa84,WLT-00026771,2024-04-15 10:19:00,p2p_send,1950.0,10.0,2495.479083010175,,app,android,tier1,False,False,False,False,False
fbd90723-86cf-434a-8c67-bea9559e7815,WLT-00008111,2024-03-14 08:33:00,airtime,1500.0,10.0,13630.20432187196,,agent,android,tier1,False,False,False,False,False
9abe52f8-0225-456d-81ea-5704ab50dbe3,WLT-00000728,2024-06-29 19:11:00,p2p_send,1250.0,10.0,4744.960020590643,,ussd,android,tier1,False,False,False,False,False
ae6b1e73-ac6d-4d31-9a37-2f3d164dcfa3,WLT-00001116,2024-05-13 12:33:00,airtime,1500.0,10.0,3864.499940577855,,app,android,tier1,False,False,False,False,False
b780730f-9573-4de4-a1af-46f40e32d685,WLT-00000116,2024-02-21 07:08:00,cashin,2500.0,10.0,8016.280452100166,AGT-00006582,ussd,feature_phone,tier2,False,False,False,False,False
252ef202-fd6d-4994-8bdf-6c6e12b44d17,WLT-00002681,2024-01-21 20:11:00,cashin,5000.0,50.0,12592.089476264946,AGT-00004458,ussd,android,tier1,False,False,False,True,False
26250baf-0777-4d96-902e-0183059e333a,WLT-00028072,2024-02-03 18:54:00,cashin,500.0,10.0,5894.408318109802,AGT-00007002,agent,android,tier1,False,False,False,False,False
6ed74ac4-974c-43d3-9e23-211839ea7264,WLT-00001206,2024-04-03 12:54:00,airtime,2000.0,10.0,7761.693233635088,,app,android,tier1,False,False,False,False,False
1b311808-68e1-42d8-a480-dd3069282288,WLT-00004534,2024-01-30 12:52:00,p2p_receive,8700.0,87.0,3772.8823316829266,,ussd,android,tier1,False,False,False,True,False
849a0e6c-f6a8-4b73-9dda-c9257d163b00,WLT-00000021,2024-04-09 20:22:00,airtime,500.0,10.0,16383.460984761243,,app,android,tier1,False,False,False,False,False
ce5a6ff7-d991-413b-873d-4c2227ae0382,WLT-00000004,2024-05-04 09:11:00,p2p_send,5400.0,54.0,12211.617015214215,,app,feature_phone,tier2,False,False,False,True,False
f37a7f84-7ea4-41c1-97be-43a7f96e64de,WLT-00000929,2024-04-24 19:53:00,p2p_send,500.0,10.0,5407.458561726,,app,android,tier2,False,False,False,False,False
3b83f224-d9f0-49ad-82c0-7c3292d65b95,WLT-00245864,2024-05-04 10:01:00,billpay,550.0,10.0,685.4727777644259,,ussd,ios,tier1,False,False,False,False,False
9d870fdd-3771-433c-ab51-0f625074239c,WLT-00000001,2024-05-07 18:22:00,airtime,2000.0,10.0,3107.852848705578,,app,feature_phone,tier2,False,False,False,False,False
7c8a4e95-ea70-46fa-95dd-347e51960b67,WLT-00135179,2024-03-15 07:16:00,p2p_send,3300.0,10.0,770.0024517394318,,ussd,feature_phone,tier1,False,False,False,False,False
f4cf260c-9479-4762-90b4-cdafe834fd64,WLT-00009458,2024-01-16 20:47:00,p2p_send,3100.0,10.0,1077.819225155177,,ussd,android,tier1,False,False,False,False,False
41af1976-be17-4970-ad95-76a231ab1d26,WLT-00091545,2024-03-23 21:45:00,cashout,8250.0,82.5,77009.93470834682,AGT-00005995,ussd,android,tier2,False,False,False,True,True
905f750b-f233-4723-8eee-f81db266088c,WLT-00377228,2024-03-26 18:45:00,cashout,26300.0,200.0,1043.4272569991604,AGT-00002916,app,android,tier2,False,False,True,True,False
053dd782-19aa-42f8-a025-b8f2b0f62ea4,WLT-00196354,2024-02-13 19:25:00,billpay,700.0,10.0,2710.2766401366375,,app,android,tier2,False,False,False,False,False
20c5b753-79e2-49fb-8d35-e5428809b03d,WLT-00004894,2024-04-14 19:55:00,cashin,1950.0,10.0,10197.744565094144,AGT-00001898,app,feature_phone,tier2,False,False,False,False,False
61ebdfac-3334-4ad0-a725-a50405556db7,WLT-00000001,2024-04-09 15:02:00,p2p_receive,10750.0,107.5,1660.6232949203416,,ussd,feature_phone,tier2,False,False,True,True,False
06b66be1-d6d2-49de-90ac-2923f0966589,WLT-00128871,2024-02-13 11:04:00,cashin,2150.0,10.0,9341.551259230564,AGT-00006622,ussd,android,tier1,False,False,False,False,False
1097e294-3028-464a-b16a-4739fda7cfe2,WLT-00009763,2024-04-10 14:00:00,billpay,2500.0,10.0,626.9422175718888,,ussd,android,tier1,False,False,False,False,False
b43e47d7-4ccc-4811-a742-ab880840afb5,WLT-00335913,2024-03-25 20:35:00,p2p_receive,2250.0,10.0,3595.7375995022003,,app,android,tier1,False,False,False,False,False
e4cb28e7-8c7f-4201-b358-56effb636bbd,WLT-00003878,2024-02-22 12:31:00,p2p_send,4050.0,10.0,4246.501688775541,,ussd,feature_phone,tier1,False,False,False,False,False
e04f4083-5f39-4188-a2dc-627fc9f19f94,WLT-00139418,2024-02-20 16:09:00,cashin,1400.0,10.0,17418.387752074388,AGT-00009444,ussd,android,tier1,False,False,False,False,False
f32d962a-277b-40d6-83c7-afeb47618be5,WLT-00103288,2024-02-15 15:10:00,data,2000.0,10.0,33027.35759085438,,ussd,android,tier1,False,False,False,False,False
a683daaf-5ffd-4922-9cf3-93605476285f,WLT-00199730,2024-04-29 15:04:00,cashin,7150.0,71.5,10307.934294134984,AGT-00009205,app,android,tier1,False,False,False,True,False
f95d85b5-c892-49f2-adb3-7a96524558fc,WLT-00003413,2024-04-24 12:37:00,p2p_receive,1950.0,10.0,5749.839225050734,,ussd,feature_phone,tier2,False,False,False,False,False
37d49add-e008-45e6-97b3-ebd4f0ff600e,WLT-00000002,2024-06-17 08:53:00,billpay,600.0,10.0,932.0580294988996,,ussd,feature_phone,tier1,False,False,False,False,False
e6cf1375-d225-4f81-bfee-53b1976688c8,WLT-00128348,2024-01-17 10:41:00,p2p_receive,3750.0,10.0,5702.892500886806,,ussd,android,tier1,False,False,False,False,False
8dce408d-b9a0-4f91-b208-b3b7748a1920,WLT-00000688,2024-01-14 06:34:00,cashout,11200.0,112.0,3991.156778936577,AGT-00006611,ussd,android,tier1,False,False,True,True,False
7cf7d8ed-0507-41a3-9740-592778615c21,WLT-00000031,2024-01-24 12:31:00,billpay,16700.0,167.0,3742.284252238096,,app,feature_phone,tier1,False,False,True,True,False
0edfe5d3-90e1-4ac9-b1bf-4dcade869866,WLT-00042274,2024-04-07 17:31:00,billpay,5250.0,52.5,2607.727567134469,,ussd,android,tier2,False,False,False,True,False
0849e093-4545-49a2-be56-62e8729b3084,WLT-00055418,2024-03-03 15:10:00,p2p_send,16600.0,166.0,2946.972686868758,,ussd,android,tier1,False,False,True,True,False
f8e0190a-2747-40b1-93eb-cc9eb2c7d65f,WLT-00060308,2024-02-22 19:55:00,airtime,500.0,10.0,6949.588110330167,,ussd,ios,tier1,False,True,False,False,False
97a27314-a066-4ee4-9315-f85918d7da2a,WLT-00000035,2024-06-27 16:19:00,p2p_receive,650.0,10.0,3983.7130463695103,,app,android,tier3,False,False,False,False,False
b3ecc95b-7365-4c77-a59e-f65ea3a88aa3,WLT-00035854,2024-04-19 16:47:00,p2p_send,800.0,10.0,4666.822138215586,,app,android,tier1,False,False,False,False,False
d7656330-9aa4-4181-b4a0-3b6c23317469,WLT-00007155,2024-04-19 19:13:00,p2p_receive,300.0,10.0,2901.457489838289,,ussd,feature_phone,tier2,False,False,False,False,False
9708bb12-8cac-4166-b098-4e2c21df8c01,WLT-00220987,2024-03-14 10:50:00,p2p_send,3200.0,10.0,54759.436875802676,,web,android,tier1,False,False,False,False,True
1b8beb66-cb6c-46ab-8c8e-cf5ccac7a595,WLT-00067615,2024-03-15 19:30:00,cashin,8600.0,86.0,6857.703799298061,AGT-00006236,ussd,android,tier1,False,False,False,True,False
b97c8cca-d32c-49d8-b6b6-f2b0c9ee21cd,WLT-00001071,2024-03-26 12:43:00,p2p_send,3350.0,10.0,4094.758092845393,,app,feature_phone,tier1,False,False,False,False,False
2461aaca-bac3-4110-9bf6-e4a720af7a95,WLT-00000034,2024-02-17 14:05:00,billpay,58300.0,200.0,5609.0530821034345,,agent,android,tier2,False,False,True,True,False
4576cc4f-ef0d-4449-8351-f256a5905b3f,WLT-00026378,2024-05-13 15:15:00,p2p_send,18600.0,186.0,11630.184418258586,,agent,android,tier1,False,False,True,True,False
6d6fab41-d5f8-4d2b-a879-466a00426ec9,WLT-00000021,2024-05-03 20:38:00,airtime,1000.0,10.0,11504.50505738101,,ussd,android,tier1,False,False,False,False,False
6771e774-5bce-432d-80cb-310767e500fd,WLT-00027846,2024-02-21 18:17:00,p2p_receive,600.0,10.0,12688.366208414334,,ussd,android,tier1,False,False,False,False,False
bba96c15-8e5f-43e7-80b1-a1200d2af117,WLT-00188829,2024-05-17 11:41:00,p2p_receive,4550.0,10.0,16946.56883364348,,ussd,android,tier2,False,False,False,False,False
622da38f-7701-4660-8842-e9b8d7aa41d1,WLT-00050370,2024-02-08 12:15:00,p2p_send,1750.0,10.0,11033.83595104903,,ussd,feature_phone,tier2,False,False,False,False,False
ac90d170-0e3a-442e-bae8-2ce2335236b8,WLT-00000004,2024-04-04 18:48:00,cashout,19950.0,199.5,11789.157318463076,AGT-00008857,ussd,android,tier2,True,False,True,True,False
84fdccc6-92a5-4be2-8733-d479e792d72b,WLT-00181389,2024-04-16 19:00:00,airtime,200.0,10.0,11596.336858993021,,ussd,ios,tier1,False,True,False,False,False
582f48fc-6e18-4cdb-85aa-d1fb2f668c6b,WLT-00002091,2024-03-05 18:04:00,p2p_receive,200.0,10.0,9097.470491956243,,ussd,android,tier1,False,False,False,False,False
02d26c1d-a781-4d8e-b824-3bb20caaad08,WLT-00355437,2024-03-06 07:04:00,billpay,1550.0,10.0,8687.355078030443,,app,feature_phone,tier1,False,False,False,False,False
2c554474-bb25-402c-9d54-57048e821180,WLT-00040815,2024-03-13 12:42:00,cashin,11600.0,116.0,2503.027024733163,AGT-00006862,agent,android,tier1,False,False,True,True,False
250a1669-48ed-4da7-9b3c-a32b16b32937,WLT-00002694,2024-03-12 18:37:00,airtime,1000.0,10.0,11140.688611260774,,ussd,android,tier1,False,False,False,False,False
02951b59-7f60-4da7-9257-a77520e33b02,WLT-00017254,2024-03-26 18:14:00,p2p_receive,14900.0,149.0,1391.2636321522234,,ussd,android,tier1,False,False,True,True,False
b262e862-e820-419e-a4be-454d1404c662,WLT-00019329,2024-04-12 17:56:00,billpay,1000.0,10.0,11516.393047473824,,ussd,android,tier1,False,False,False,False,False
5d062c1f-5bfc-45af-9a10-1aa945e8e79f,WLT-00003145,2024-03-12 14:41:00,cashin,4250.0,10.0,3230.5881910960784,AGT-00001328,agent,feature_phone,tier1,False,False,False,False,False
78cf4ce3-9f2c-4de6-aba8-a34062c30efc,WLT-00000002,2024-01-10 14:28:00,billpay,700.0,10.0,6673.39429918888,,ussd,feature_phone,tier1,False,False,False,False,False
b24bacca-ec38-4fd2-9c46-099df71ba677,WLT-00017662,2024-01-23 20:25:00,p2p_receive,5850.0,58.5,3772.742433861235,,ussd,android,tier1,False,False,False,True,False
d217464c-0190-4c27-ad3e-5c85f97c8767,WLT-00000002,2024-03-11 19:35:00,airtime,1500.0,10.0,928.3817098299476,,app,feature_phone,tier1,False,False,False,False,False
f407a0c7-6020-45fa-91e2-40077af96896,WLT-00073436,2024-02-23 19:52:00,airtime,1500.0,10.0,35056.74010919332,,app,android,tier1,False,False,False,False,True
e5aa1c8e-7d96-41c7-bd50-5d9201078a9a,WLT-00337927,2024-05-27 11:37:00,p2p_send,3750.0,10.0,10257.084662863359,,app,android,tier1,False,False,False,False,False
4d278da3-e137-4650-b1f7-5c5786aa01d7,WLT-00007425,2024-03-31 08:20:00,billpay,800.0,10.0,28233.80494222342,,ussd,android,tier1,False,False,False,False,False
192edca1-3e62-4155-98e7-0c578954d6b9,WLT-00003749,2024-06-23 19:37:00,airtime,200.0,10.0,32757.393620812647,,ussd,android,tier1,False,False,False,False,False
c6bc60de-ee1c-4ab3-860a-3a30ce9c64fa,WLT-00009689,2024-04-21 11:37:00,cashout,2950.0,10.0,13739.561181862326,AGT-00006632,ussd,ios,tier1,False,False,False,False,False
8b9a1799-84e1-4c8d-8983-465723732044,WLT-00073347,2024-06-19 19:02:00,cashout,8250.0,82.5,12987.75969535579,AGT-00006691,ussd,android,tier1,False,False,False,True,False
5daf2031-861e-434a-a6dd-3a59291fcc9a,WLT-00000004,2024-02-18 09:19:00,p2p_receive,25000.0,200.0,11322.376518839661,,ussd,android,tier2,False,False,True,True,False
a5c0a9ec-73da-430a-94f6-337357068e66,WLT-00358169,2024-06-13 11:30:00,p2p_receive,500.0,10.0,24419.97328845036,,ussd,android,tier1,False,False,False,False,False
969ae42a-cf29-4630-920d-17a6113ba302,WLT-00090059,2024-03-31 21:03:00,p2p_send,5650.0,56.5,1603.6780162335015,,ussd,android,tier1,False,False,False,True,False
caf61f97-5cef-4752-8007-9bd5eee5c583,WLT-00000047,2024-02-21 10:21:00,p2p_receive,250.0,10.0,4027.3674739150692,,app,android,tier1,False,False,False,False,False
4ecaf648-f2da-4d3f-9a2a-90413f1f444b,WLT-00000039,2024-05-05 20:39:00,airtime,500.0,10.0,68034.47522944931,,app,android,tier2,False,False,False,False,True
97154ff7-3633-4cb7-83ae-e66b1e06f940,WLT-00001283,2024-03-15 23:01:00,cashout,350.0,10.0,361.5192367412234,AGT-00005228,app,android,tier1,False,False,False,False,False
13c2063b-226e-4431-8e41-52ac09bd9b53,WLT-00004722,2024-06-18 18:33:00,airtime,2000.0,10.0,8141.318225325741,,app,android,tier1,False,True,False,False,False
c14a86e7-8ab5-4fe2-a883-6c1101030d03,WLT-00000001,2024-03-22 19:41:00,p2p_send,250.0,10.0,7035.140367023349,,ussd,android,tier2,False,False,False,False,False
8c77438b-dd83-4c68-9b7c-7aed89c09964,WLT-00042221,2024-05-26 21:13:00,cashin,38300.0,200.0,24838.961795175386,AGT-00007924,ussd,android,tier1,False,False,True,True,False
3637b99b-2f5e-4142-8212-2cc49c560bfa,WLT-00368918,2024-02-05 12:25:00,cashin,18050.0,180.5,4637.126371898512,AGT-00004224,app,android,tier2,False,False,True,True,False
86deaf82-5656-49c8-bbf8-5b6ac4d0cea9,WLT-00132540,2024-05-10 12:41:00,cashout,2950.0,10.0,23689.758032884507,AGT-00004749,ussd,android,tier1,True,False,False,False,False
5ab551ac-c92f-4e55-ad8f-c8da5a7389d3,WLT-00098625,2024-03-27 17:41:00,p2p_send,5200.0,52.0,2225.5682710326623,,app,android,tier2,False,False,False,True,False
71b9772e-e9b9-4eef-ae05-65cbf823e78d,WLT-00002675,2024-06-03 13:02:00,airtime,2000.0,10.0,1585.9367145880017,,app,android,tier1,False,False,False,False,False
9d97d864-c261-453f-97ac-1304202189bd,WLT-00000030,2024-04-29 11:12:00,p2p_receive,2050.0,10.0,10443.036877624261,,ussd,android,tier3,False,False,False,False,False
a2afac84-cd72-4493-a504-35f4e5d6800d,WLT-00026382,2024-05-11 20:45:00,p2p_receive,450.0,10.0,23739.72804992783,,agent,android,tier2,False,False,False,False,False
a4b5f590-7f7e-4cfc-8f4b-4fe168b91068,WLT-00076534,2024-06-09 20:25:00,p2p_receive,11900.0,119.0,2337.239372911684,,agent,android,tier2,False,False,True,True,False
af0cb19a-461c-4f3b-8b4b-58b4f5df07f5,WLT-00001722,2024-02-09 19:31:00,p2p_send,1600.0,10.0,11818.630239547612,,agent,android,tier2,False,False,False,False,False
b484f995-bff4-4d19-81fa-e3d5361aee07,WLT-00000013,2024-04-09 18:18:00,data,1000.0,10.0,9926.853659947532,,ussd,android,tier2,False,False,False,False,False
9e47674f-e6b7-4de0-b219-dcf49052bd23,WLT-00126127,2024-01-20 07:10:00,p2p_send,7050.0,70.5,48606.1760597454,,ussd,android,tier2,False,False,False,True,True
727039e6-08ea-4dfb-83e3-13174d16b131,WLT-00000828,2024-04-05 09:46:00,p2p_receive,1750.0,10.0,5918.168850817942,,ussd,android,tier1,False,False,False,False,False
26f7b61f-7b0d-411e-a9a6-b455e8d70c2d,WLT-00024681,2024-03-09 20:16:00,airtime,2000.0,10.0,21718.960911272625,,app,android,tier1,False,True,False,False,False
4eba92c0-3e49-45b8-b78c-79711b9838ff,WLT-00000156,2024-04-25 15:45:00,airtime,2000.0,10.0,7369.518360825722,,ussd,feature_phone,tier1,False,False,False,False,False
b425479e-f847-419b-b5df-37fb7501c918,WLT-00019855,2024-06-28 15:41:00,p2p_send,42650.0,200.0,7534.94398616065,,ussd,feature_phone,tier2,False,False,True,True,False
57466860-dddc-4ffb-81b8-cf4dbadcdb19,WLT-00124181,2024-03-08 08:39:00,cashin,9700.0,97.0,4518.347707705614,AGT-00004254,app,android,tier1,False,False,True,True,False
123bde3a-15f1-4a7f-92da-402e427594d6,WLT-00000001,2024-01-07 11:11:00,p2p_send,2600.0,10.0,5276.105680956095,,ussd,android,tier2,False,False,False,False,False
3c61d6cb-4dee-4971-a1bb-3df120124222,WLT-00000206,2024-02-13 16:40:00,cashin,1450.0,10.0,6983.9705306110545,AGT-00003457,ussd,android,tier2,False,False,False,False,False
7fe9aa74-7d7c-4733-ad0d-66c47fb29b0a,WLT-00019078,2024-05-09 15:35:00,cashout,650.0,10.0,3932.5451079559925,AGT-00000777,agent,android,tier1,True,False,False,False,False
ce2f9c19-bc98-4f74-b492-9853837d38e2,WLT-00001325,2024-01-30 06:29:00,p2p_receive,7400.0,74.0,16505.90173776083,,app,ios,tier1,False,False,False,True,False
14e115a6-fdca-425c-9658-de35531fd3ff,WLT-00301548,2024-04-13 12:37:00,cashout,1550.0,10.0,577.1987034307741,AGT-00000463,ussd,android,tier1,False,True,False,False,False
4846fd1d-704f-4fd4-ad31-3d4791cb9d79,WLT-00000003,2024-06-10 22:23:00,cashout,2650.0,10.0,4217.850915002704,AGT-00000024,ussd,android,tier1,False,False,False,False,False
cab446f8-f199-4e08-a4d6-37fc2480ab9e,WLT-00004362,2024-03-08 22:54:00,airtime,2000.0,10.0,92914.3990403073,,ussd,android,tier1,False,True,False,False,True
40bd38ea-ba97-4775-985e-97c243de9e38,WLT-00105548,2024-05-31 16:14:00,p2p_send,1000.0,10.0,3930.486199843775,,ussd,android,tier1,False,False,False,False,False
f980e95a-06d7-4fb2-8f58-077945747420,WLT-00190683,2024-02-24 11:59:00,airtime,2000.0,10.0,91956.99281332776,,ussd,feature_phone,tier1,False,True,False,False,True
dd075bb2-70db-4ccd-a16b-4cdb43da7713,WLT-00186899,2024-01-03 09:30:00,p2p_send,800.0,10.0,20806.424443361688,,app,android,tier1,False,False,False,False,False
5785610b-6fda-41bb-b4db-5592852c5abe,WLT-00077852,2024-05-11 15:09:00,cashout,750.0,10.0,4604.536504539493,AGT-00006049,web,android,tier2,True,False,False,False,False
12924eda-fe40-4919-8350-fcad13ec6ff9,WLT-00000009,2024-05-20 06:17:00,billpay,1250.0,10.0,15556.607587754052,,app,android,tier1,False,False,False,False,False
cb31e143-f89b-4cf5-8a8a-9c3d5d3598ca,WLT-00000005,2024-05-09 19:11:00,p2p_send,8850.0,88.5,16718.494425949924,,ussd,android,tier1,False,False,False,True,False
a8dff5f5-b102-482e-9fce-1472bc349f98,WLT-00138552,2024-01-20 11:16:00,billpay,2250.0,10.0,13602.56142301183,,agent,android,tier2,False,False,False,False,False
f0ea1dfe-6f59-4213-bb85-4bfacd97d980,WLT-00167585,2024-01-26 23:44:00,cashin,12550.0,125.5,24544.16796520112,AGT-00001799,web,android,tier2,False,False,True,True,False
b531edd1-9a40-46b7-8ed5-1b3acf792867,WLT-00119850,2024-06-04 18:56:00,airtime,1500.0,10.0,3811.003277358373,,agent,android,tier1,False,True,False,False,False
e463896e-a834-494a-a7d0-656676f2e996,WLT-00000208,2024-06-09 19:39:00,billpay,2150.0,10.0,16185.891320403218,,ussd,android,tier1,False,False,False,False,False
2a2e0182-b1a4-4af3-a439-e5728cb73ac2,WLT-00001654,2024-01-02 09:05:00,p2p_receive,9250.0,92.5,6795.523845846463,,agent,android,tier1,False,False,False,True,False
92e3fc9e-487f-484a-a888-13753e39fe3c,WLT-00000001,2024-01-26 23:02:00,airtime,1500.0,10.0,11185.565992100379,,agent,feature_phone,tier2,False,False,False,False,False
c7ef638a-5a83-4427-b9d6-b7c0ab614881,WLT-00103195,2024-01-19 08:04:00,p2p_receive,1050.0,10.0,36264.57294477579,,app,android,tier1,False,False,False,False,True
9c09d186-50cb-4ea8-ac8d-d9d0e1bf4057,WLT-00004724,2024-01-18 20:28:00,airtime,500.0,10.0,6078.708156489759,,agent,feature_phone,tier1,False,False,False,False,False
f7396447-fd78-428d-9f5b-d34d613d90c8,WLT-00104275,2024-01-23 13:21:00,airtime,2000.0,10.0,1600.0962810152034,,app,feature_phone,tier1,False,False,False,False,False
cf2708b3-6454-4c1c-9ab8-2f59013ec43e,WLT-00000165,2024-03-17 18:53:00,cashin,550.0,10.0,1470.437222559827,AGT-00009724,app,android,tier2,False,False,False,False,False
a2e6d7a0-b48f-4735-a298-e4fb26e146ac,WLT-00016852,2024-02-16 19:17:00,billpay,400.0,10.0,22385.38716868948,,ussd,ios,tier1,False,False,False,False,False
8a52e447-87aa-4ea7-82ea-34cf7d953600,WLT-00002027,2024-06-29 18:42:00,p2p_send,3300.0,10.0,3639.4122798261146,,ussd,android,tier1,False,False,False,False,False
2d12772c-8fed-4531-93a0-a995282b6822,WLT-00115409,2024-06-21 18:49:00,p2p_receive,2500.0,10.0,33292.79564442382,,app,android,tier1,False,False,False,False,False
03b1ec27-4597-4d80-be5a-169547d452f1,WLT-00000002,2024-02-12 20:34:00,cashin,7750.0,77.5,42446.49374298885,AGT-00009929,ussd,feature_phone,tier1,False,False,False,True,True
9caf5816-cd5c-432f-b277-51b2557b19fb,WLT-00001671,2024-06-08 10:01:00,airtime,1500.0,10.0,12441.739027315087,,ussd,feature_phone,tier2,False,False,False,False,False
25fe8011-24ee-44ed-a94b-29e4e79bbaad,WLT-00000745,2024-02-14 12:12:00,billpay,100.0,10.0,14728.837514434526,,ussd,android,tier1,False,False,False,False,False
b163af85-f42c-4411-85d0-64cec59fb5a9,WLT-00011657,2024-05-13 07:00:00,p2p_receive,2800.0,10.0,5651.748512781066,,app,android,tier1,False,False,False,False,False
c9c25548-2d32-4cb7-9b37-6a498f6e5989,WLT-00000724,2024-04-14 12:13:00,p2p_send,5650.0,56.5,2704.3414810036707,,app,android,tier1,False,False,False,True,False
b3a7cbde-18b5-4d34-b653-f77e14696bd7,WLT-00171053,2024-05-30 17:28:00,p2p_receive,900.0,10.0,12235.153027671515,,ussd,android,tier2,False,False,False,False,False
00014de5-2601-4a28-ac1a-ceb9ee90f1ae,WLT-00034531,2024-01-08 10:41:00,billpay,800.0,10.0,2251.874941290553,,ussd,feature_phone,tier1,False,False,False,False,False
249552b6-8442-4fbe-b2a7-ff9011fbf910,WLT-00000065,2024-03-20 18:12:00,p2p_receive,1700.0,10.0,42839.22432070161,,ussd,android,tier1,False,False,False,False,True
c5e73afb-0999-4295-a0e3-e371ec298a48,WLT-00002951,2024-01-23 20:57:00,p2p_receive,250.0,10.0,23493.661872396253,,web,feature_phone,tier2,False,False,False,False,False
672440db-1edb-44ae-a7f0-34e82b4e5dd5,WLT-00002051,2024-06-20 22:16:00,p2p_receive,7000.0,70.0,2457.7232925594894,,app,android,tier1,False,False,False,True,False
75c57bfe-206f-4301-bd40-683ebbb70002,WLT-00123768,2024-02-04 17:46:00,data,2000.0,10.0,6318.029116447355,,ussd,android,tier1,False,False,False,False,False
0559c858-a3b2-4ec7-beb1-632b97695846,WLT-00000298,2024-06-15 06:41:00,billpay,1500.0,10.0,23393.723019587367,,ussd,android,tier1,False,False,False,False,False
74bb4b69-8128-4b90-bff1-ca02fff0a889,WLT-00000002,2024-02-01 12:22:00,airtime,2000.0,10.0,9275.725118322309,,ussd,android,tier1,False,False,False,False,False
6bfa52c0-d8b9-46b4-902b-6f06c586a854,WLT-00003110,2024-02-01 08:50:00,p2p_receive,2550.0,10.0,7842.3596522273865,,app,android,tier2,False,False,False,False,False
dd11e74f-0498-4c3b-86a0-6bca0e032726,WLT-00011400,2024-01-03 15:03:00,p2p_send,36600.0,200.0,16336.597344489139,,app,android,tier2,False,False,True,True,False
452a7647-45b9-4d0b-9ad0-28515eabded1,WLT-00171332,2024-04-04 20:31:00,p2p_send,2500.0,10.0,61819.23559400367,,ussd,android,tier3,False,False,False,False,True
2b4c0ee4-a220-440a-8384-467b71e1fa1f,WLT-00069329,2024-06-15 11:05:00,p2p_receive,10950.0,109.5,2715.544518372523,,app,android,tier1,False,False,True,True,False
3fdfd325-8d20-459a-804b-02e7e5f868b7,WLT-00064005,2024-02-14 20:04:00,p2p_send,1450.0,10.0,15382.930517959294,,ussd,ios,tier1,False,False,False,False,False
19db452d-32b9-4d69-a4f5-f82377fcd71a,WLT-00000123,2024-04-10 20:27:00,cashout,1800.0,10.0,1704.8877502370829,AGT-00008099,ussd,feature_phone,tier1,False,False,False,False,False
7b2f5da5-b993-4d89-94f7-c3a8d915eece,WLT-00000001,2024-03-24 15:26:00,billpay,7250.0,72.5,7533.502505748565,,app,android,tier2,False,False,False,True,False
dd4c1e66-403d-4964-a107-0bbc0f5997f9,WLT-00000059,2024-04-23 06:59:00,cashout,200.0,10.0,4556.801073311095,AGT-00007888,app,android,tier1,False,False,False,False,False
4ea4f611-7667-4b80-82f3-c8bdb449c5b3,WLT-00085056,2024-05-14 21:29:00,billpay,18750.0,187.5,3110.4220034223526,,ussd,android,tier2,False,False,True,True,False
91d0c32d-9834-4b90-bf2c-f2830e45a779,WLT-00253972,2024-03-03 09:25:00,airtime,1500.0,10.0,3151.6159813607765,,ussd,android,tier2,False,False,False,False,False
2a1eb2a8-c172-4a06-8e79-c23597310145,WLT-00017522,2024-06-24 17:31:00,billpay,1150.0,10.0,11098.067058006965,,app,feature_phone,tier2,False,False,False,False,False
34b2e611-edef-4dd8-9894-7734203e1a59,WLT-00005956,2024-06-10 13:02:00,p2p_send,1850.0,10.0,14970.162489580442,,app,android,tier3,False,False,False,False,False
f5029c8c-60bc-4b53-9ef6-7427b2547e59,WLT-00034418,2024-06-12 14:35:00,airtime,2000.0,10.0,6099.281754305143,,agent,android,tier2,False,False,False,False,False
3c06863a-668e-4475-8756-ce674365b6b4,WLT-00074574,2024-06-07 09:58:00,airtime,500.0,10.0,12799.447863825355,,app,feature_phone,tier3,False,False,False,False,False
681d0c3f-ac4f-4d8f-9be7-1c4406903bd3,WLT-00006977,2024-01-02 10:57:00,billpay,14500.0,145.0,6160.939188024339,,web,feature_phone,tier1,False,False,True,True,False
a6e4059c-ff2f-4848-a923-e235d2325f15,WLT-00014158,2024-01-31 15:42:00,p2p_receive,350.0,10.0,17419.12577988127,,ussd,android,tier1,False,False,False,False,False
8a78bfc0-757d-4389-9b81-4cb528adc3ec,WLT-00000391,2024-04-20 17:44:00,airtime,1000.0,10.0,6692.035126161059,,app,android,tier2,False,False,False,False,False
d60a6018-118f-411e-8202-8b519250cbe0,WLT-00000695,2024-04-29 09:15:00,p2p_receive,500.0,10.0,4504.447034155708,,ussd,android,tier2,False,False,False,False,False
cdcf700e-d7be-4b2e-85e5-19438f62a31c,WLT-00029558,2024-05-24 22:42:00,p2p_receive,100.0,10.0,17357.00632285016,,app,android,tier1,False,False,False,False,False
9f566965-882c-4639-be64-51eda79fa4db,WLT-00000004,2024-06-07 13:41:00,airtime,500.0,10.0,17988.139305506855,,ussd,android,tier2,False,False,False,False,False
206ad853-a2b9-4063-9d82-afc3d0ab4f22,WLT-00000663,2024-02-25 10:03:00,p2p_send,8000.0,80.0,4477.973930003447,,agent,android,tier1,False,False,False,True,False
af49599a-b332-406f-89ae-834c3972fcb2,WLT-00000162,2024-05-24 10:09:00,p2p_receive,3300.0,10.0,4610.030770199478,,ussd,feature_phone,tier1,False,False,False,False,False
b0cad344-9ead-494e-8ce9-bd9ca9a229bc,WLT-00277456,2024-04-05 13:47:00,cashin,1450.0,10.0,19319.373344964504,AGT-00000593,ussd,feature_phone,tier1,False,False,False,False,False
7ac284a6-e125-480c-ab3d-7204f9d30f08,WLT-00000005,2024-04-27 04:12:00,billpay,350.0,10.0,54942.03540023816,,ussd,android,tier1,False,False,False,False,True
dd797852-7c5c-48e5-b926-e4e2cb1827ab,WLT-00000060,2024-06-10 19:05:00,cashout,3850.0,10.0,10975.762741775976,AGT-00005796,ussd,android,tier1,True,False,False,False,False
c73120db-49a2-47ec-8615-68207cc8d6bf,WLT-00001510,2024-01-27 15:01:00,cashin,4150.0,10.0,1401.9561657107529,AGT-00009639,agent,android,tier1,False,False,False,False,False
dbfb6ca4-52dc-4744-b09c-155974ff6e42,WLT-00005521,2024-02-06 19:48:00,cashout,3300.0,10.0,29967.33831717405,AGT-00002152,app,android,tier1,True,False,False,False,False
50a3c032-3182-47fc-bc01-ab1690352159,WLT-00203847,2024-06-13 13:58:00,billpay,3650.0,10.0,3007.1026666417397,,ussd,android,tier1,False,False,False,False,False
701ed001-b731-4736-a930-3534f9acf17b,WLT-00000004,2024-06-12 17:27:00,billpay,250.0,10.0,5583.3843063805425,,ussd,ios,tier2,False,False,False,False,False
d6f2c504-a5b3-459b-9ebe-5ab338128140,WLT-00002699,2024-06-21 09:53:00,p2p_send,2300.0,10.0,2055.668299040309,,ussd,android,tier2,False,False,False,False,False
6e4f5d18-29be-40ef-970e-e9d0ea4b564a,WLT-00000086,2024-04-21 10:41:00,p2p_send,11000.0,110.0,8955.137296375151,,app,android,tier1,False,False,True,True,False
7db229b4-1e35-419c-8901-59fcfc01aa62,WLT-00080834,2024-01-08 20:44:00,airtime,200.0,10.0,36137.11530754054,,ussd,feature_phone,tier1,False,True,False,False,True
168420ba-57b0-4871-abf3-54640451b728,WLT-00000148,2024-03-03 17:04:00,airtime,1000.0,10.0,3744.996321784707,,ussd,android,tier1,False,True,False,False,False
7b8b96d1-9f1a-400a-9e6f-68dd6f359a49,WLT-00000013,2024-02-26 10:21:00,p2p_send,600.0,10.0,16500.80627497072,,app,android,tier2,False,False,False,False,False
253c6a13-d264-40c4-bfa1-9dcb9a3294e8,WLT-00392588,2024-02-28 23:07:00,cashin,7750.0,77.5,1775.8847722698058,AGT-00009693,app,android,tier1,False,False,False,True,False
db7c5f89-a0c9-4dee-b1c6-46a698b47054,WLT-00014218,2024-01-12 15:01:00,p2p_send,3450.0,10.0,9028.927678722928,,ussd,android,tier1,False,False,False,False,False
472a50f8-da28-4938-9f89-d62590f31383,WLT-00049143,2024-06-23 06:00:00,airtime,500.0,10.0,1807.3213519025344,,ussd,feature_phone,tier1,False,False,False,False,False
38fbf170-c396-49b2-a949-56ac856178cb,WLT-00061770,2024-04-30 09:55:00,p2p_receive,600.0,10.0,19401.148085577028,,ussd,android,tier3,False,False,False,False,False
f552d6e8-abaa-42a5-8a30-f2ffc8fa0627,WLT-00003545,2024-05-19 16:04:00,p2p_send,8600.0,86.0,1143.9376064722294,,ussd,feature_phone,tier1,False,False,False,True,False
a38113ea-a8ff-4197-bf52-10c966612084,WLT-00000984,2024-05-19 10:32:00,p2p_send,950.0,10.0,8035.9258990737135,,ussd,android,tier1,False,False,False,False,False
127cef59-4cc1-4596-9a0f-46220534b160,WLT-00000960,2024-06-02 14:54:00,billpay,1000.0,10.0,80937.1173056827,,agent,android,tier1,False,False,False,False,True
e4192ed2-7faf-45f1-a28a-cd73d0f32e6e,WLT-00032534,2024-06-03 12:45:00,cashin,10450.0,104.5,46336.04594627708,AGT-00001477,app,android,tier2,False,False,True,True,True
64aa1ae0-a63a-455f-aaf7-0390aa0cfd3c,WLT-00083195,2024-04-09 15:10:00,airtime,2000.0,10.0,155921.22923067305,,agent,android,tier1,False,False,False,False,True
dd553af8-af24-4cff-87f3-b6878d901457,WLT-00002575,2024-05-31 20:23:00,p2p_send,8300.0,83.0,48388.66098671372,,ussd,feature_phone,tier2,False,False,False,True,True
605769c7-5259-40b4-a961-1dcd133d3d9b,WLT-00000008,2024-03-15 13:27:00,p2p_send,1900.0,10.0,39564.005231991956,,ussd,android,tier2,False,False,False,False,True
816352d2-9c2c-413f-8fd1-d49768a281e8,WLT-00035400,2024-05-02 19:01:00,p2p_send,25000.0,200.0,43945.534689136744,,ussd,android,tier1,False,False,True,True,True
95a7b3a8-9bf1-4058-bb7a-58af4c1762ea,WLT-00000011,2024-02-10 20:33:00,cashout,5050.0,50.5,2939.313472811916,AGT-00009780,ussd,android,tier3,False,False,False,True,False
772afed8-7fdc-493b-9e45-766932bcde60,WLT-00000886,2024-01-04 08:47:00,p2p_send,400.0,10.0,2804.6957027207686,,ussd,android,tier1,False,False,False,False,False
97e17588-c76f-4788-b084-123c9a0fcbbc,WLT-00008945,2024-01-29 20:32:00,billpay,900.0,10.0,3232.9683152868183,,ussd,android,tier3,False,False,False,False,False
9d4b30dc-7473-48e8-aab4-167624151681,WLT-00000548,2024-05-26 09:29:00,p2p_receive,1300.0,10.0,2714.335580642035,,app,android,tier2,False,False,False,False,False
95806cc6-cac2-45a0-bc92-0b5087f7e09a,WLT-00000018,2024-03-25 08:44:00,p2p_receive,2350.0,10.0,19728.640833064954,,agent,android,tier1,False,False,False,False,False
5b30c011-2fda-4731-8e9a-9eabad56d417,WLT-00012897,2024-02-06 21:29:00,p2p_send,1550.0,10.0,3248.624366680306,,app,feature_phone,tier2,False,False,False,False,False
22a33224-b862-4986-af53-c719b27a7d99,WLT-00063146,2024-03-23 13:55:00,billpay,1300.0,10.0,36025.032172087,,agent,android,tier1,False,False,False,False,True
1afbdb51-2c13-49d1-a3e1-7e05c87cdfd8,WLT-00023227,2024-03-23 18:28:00,p2p_receive,550.0,10.0,14035.59370872949,,ussd,feature_phone,tier1,False,False,False,False,False
fda2819a-706d-4e44-a851-a02c66f8a992,WLT-00034792,2024-02-26 17:54:00,billpay,600.0,10.0,31779.7499857157,,ussd,android,tier2,False,False,False,False,False
560569a7-b078-4286-b58c-c92a8e7bbb9f,WLT-00000006,2024-04-11 08:53:00,airtime,200.0,10.0,19142.569561241176,,ussd,feature_phone,tier1,False,False,False,False,False
f50712ff-b056-4e05-bd59-b52ea7843eb8,WLT-00256933,2024-05-26 11:22:00,p2p_send,2350.0,10.0,8508.667292331926,,ussd,android,tier1,False,False,False,False,False
f79b0921-7c4b-493a-a72c-cc2d087ee467,WLT-00000931,2024-05-15 10:27:00,airtime,1500.0,10.0,3929.1491693151547,,ussd,android,tier1,False,True,False,False,False
2e7dbf57-9e28-48ae-87f1-2bf7bd420e14,WLT-00036166,2024-05-25 21:32:00,billpay,600.0,10.0,5117.969530663584,,agent,feature_phone,tier1,False,False,False,False,False
19d048cb-a0f9-4f92-a46a-fe51297a5f8e,WLT-00000784,2024-06-28 23:47:00,p2p_send,1550.0,10.0,6380.265406613983,,app,android,tier2,False,False,False,False,False
c052d2c4-a493-421a-be46-75d73a408373,WLT-00000292,2024-02-18 16:50:00,billpay,450.0,10.0,38070.84867991478,,app,android,tier1,False,False,False,False,True
15568be3-b5db-477c-9f3b-a304f6490a02,WLT-00128070,2024-02-13 16:48:00,airtime,500.0,10.0,1183.7741665547605,,ussd,android,tier2,False,False,False,False,False
ef38f24a-33f6-4f29-9574-53a8ba8a060c,WLT-00022058,2024-05-07 21:29:00,billpay,300.0,10.0,1057.9213159358512,,ussd,android,tier2,False,False,False,False,False
563a1927-f524-4cf4-962a-cd8c673c1254,WLT-00004933,2024-05-08 09:34:00,billpay,1100.0,10.0,6624.515183796466,,app,feature_phone,tier2,False,False,False,False,False
1cc4bc18-f26d-418f-8a3c-c5d7ee175779,WLT-00000004,2024-06-09 11:06:00,p2p_send,1150.0,10.0,6866.128420422202,,app,feature_phone,tier2,False,False,False,False,False
c77cc96f-f9f3-44b8-96e4-275b9411c41e,WLT-00026147,2024-04-28 16:20:00,p2p_send,5850.0,58.5,5017.7975216369,,ussd,android,tier2,False,False,False,True,False
541495ac-10a9-472f-8001-a9337da95a1d,WLT-00034586,2024-03-02 11:22:00,p2p_receive,700.0,10.0,3536.9303930303586,,app,android,tier2,False,False,False,False,False
ecdf58ec-6ff9-40d4-b3fb-cfc0011a605a,WLT-00000002,2024-03-13 18:27:00,airtime,200.0,10.0,23553.78201783244,,ussd,android,tier1,False,False,False,False,False
81cf3c39-9ede-49b2-aa3d-2d03c1a0aaf6,WLT-00006533,2024-04-14 15:53:00,cashout,850.0,10.0,10866.878424600309,AGT-00009559,agent,android,tier1,False,False,False,False,False
8a72210d-ed32-445d-a36b-4c63aadfbbfc,WLT-00000053,2024-06-21 11:14:00,p2p_send,12150.0,121.5,22733.69206455374,,app,android,tier2,False,False,True,True,False
dae3e736-98d5-4e9b-a5bc-4efee1e83289,WLT-00298303,2024-06-18 11:11:00,p2p_receive,650.0,10.0,11140.87926587416,,ussd,android,tier1,False,False,False,False,False
d66eb129-b06e-4c9d-805f-dd4b5e98bf99,WLT-00000123,2024-03-24 12:19:00,billpay,5350.0,53.5,17123.503651323153,,ussd,android,tier1,False,False,False,True,False
f2d3c388-f4b7-4724-bee0-1a6a8d99b586,WLT-00001351,2024-04-13 16:34:00,cashout,5450.0,54.5,10903.921482030193,AGT-00009360,ussd,android,tier1,True,False,False,True,False
e1b68053-493c-4e53-86fa-7eae00afb724,WLT-00000306,2024-06-03 20:39:00,p2p_send,4200.0,10.0,21562.445902881438,,ussd,android,tier1,False,False,False,False,False
c37322c0-8037-485d-8fbd-71686ae648d0,WLT-00005254,2024-05-13 09:34:00,data,200.0,10.0,4289.401753731935,,ussd,android,tier2,False,False,False,False,False
3c30218f-d25d-4ada-a605-1e911a7e65f0,WLT-00166827,2024-06-11 20:17:00,p2p_receive,650.0,10.0,26996.79835765508,,app,android,tier2,False,False,False,False,False
ac1bffd3-dbd0-4dce-ab07-f1a278351f44,WLT-00000024,2024-05-15 19:30:00,airtime,200.0,10.0,7270.7669816832295,,app,feature_phone,tier1,False,False,False,False,False
240d0cc9-ca02-4f9e-b330-71887628324f,WLT-00000026,2024-03-12 11:38:00,cashout,2350.0,10.0,10763.006396467747,AGT-00009060,ussd,feature_phone,tier2,False,False,False,False,False
59ecc853-a856-4063-9a0d-6c14eedbee2b,WLT-00283925,2024-01-24 19:18:00,billpay,950.0,10.0,1331.1237766657434,,app,android,tier2,False,False,False,False,False
02635285-481b-4319-a019-0a04dfbd450b,WLT-00028583,2024-02-09 09:19:00,billpay,3650.0,10.0,6390.35538027576,,app,android,tier1,False,False,False,False,False
2c117ab0-3dd5-4750-b976-9d6a6850e252,WLT-00047528,2024-04-15 20:23:00,cashin,2700.0,10.0,4739.652444500368,AGT-00006118,agent,android,tier1,False,False,False,False,False
f5e31fcc-2081-48e3-b2ad-47e1a7898a8c,WLT-00000002,2024-02-21 19:18:00,cashin,800.0,10.0,9432.610345767403,AGT-00008965,ussd,feature_phone,tier1,False,False,False,False,False
911bf99a-41a7-489b-bd9c-f1cd6e2ce533,WLT-00049305,2024-04-13 14:50:00,billpay,100.0,10.0,22203.475654248938,,app,feature_phone,tier1,True,False,False,False,False
3a3cd7ba-271c-4574-969c-b194930ac4f1,WLT-00013580,2024-01-11 13:42:00,billpay,3650.0,10.0,29503.47799699746,,app,feature_phone,tier2,False,False,False,False,False
46feca8f-300d-467a-9680-e2b3b60c0240,WLT-00000006,2024-02-19 15:18:00,p2p_send,1050.0,10.0,3479.4869971499293,,app,android,tier1,False,False,False,False,False
9912ddce-b889-49f7-aa2f-e8e568f5aed8,WLT-00003190,2024-02-22 14:51:00,p2p_send,7850.0,78.5,2582.4837911094032,,app,android,tier2,False,False,False,True,False
0c7f8a0f-ab20-454b-b56f-0fbdc5252b6d,WLT-00006615,2024-01-22 14:55:00,p2p_receive,1500.0,10.0,5749.841948966038,,app,feature_phone,tier2,False,False,False,False,False
269cadd5-3fcf-4288-a55d-27253ba8bb8c,WLT-00000090,2024-04-11 22:28:00,data,1500.0,10.0,3654.0603546492966,,ussd,android,tier2,False,False,False,False,False
e3145d10-806a-4b10-b939-704fac561bdd,WLT-00024388,2024-03-23 08:30:00,p2p_receive,99300.0,200.0,3471.2855096102426,,agent,android,tier2,False,False,True,True,False
e0e35d8f-4560-4238-9afa-1f6efb181c7f,WLT-00013325,2024-03-20 11:51:00,billpay,1200.0,10.0,5862.8860929274315,,ussd,android,tier1,False,False,False,False,False
434bbeb3-ea32-4a7b-99c9-48220aaa91a2,WLT-00003613,2024-02-16 06:54:00,p2p_receive,2900.0,10.0,1668.7632341313079,,ussd,android,tier1,False,False,False,False,False
e3acb8ef-3b75-45fc-9632-f31937e82c36,WLT-00002292,2024-03-10 21:07:00,p2p_send,26550.0,200.0,2115.133116367796,,app,android,tier1,False,False,True,True,False
82d01b18-1334-47ff-b280-e417274b642b,WLT-00003611,2024-06-19 08:18:00,cashin,6000.0,60.0,8964.837058850555,AGT-00007481,ussd,android,tier3,False,False,False,True,False
82d2210c-eb34-45c4-afd7-a70b0cc69656,WLT-00000005,2024-05-09 19:24:00,p2p_send,900.0,10.0,2322.2854450404225,,ussd,android,tier1,False,False,False,False,False
21a21130-f8de-4fbe-aa71-eb2a1f5d05fe,WLT-00000005,2024-05-21 17:20:00,p2p_receive,150.0,10.0,13845.510529984937,,agent,ios,tier1,False,False,False,False,False
4bc0de4e-6080-4237-b629-91f87b272974,WLT-00001666,2024-05-17 06:21:00,billpay,3550.0,10.0,19434.656261633132,,agent,android,tier1,False,False,False,False,False
b3dfc255-c8d8-4717-bc6c-03d92f8c3329,WLT-00166777,2024-06-27 17:32:00,airtime,1000.0,10.0,7221.124166690553,,agent,android,tier1,False,False,False,False,False
ab2fe9d0-e06a-4366-bbd4-1de7908a571b,WLT-00000418,2024-01-27 19:01:00,airtime,1500.0,10.0,5644.964349910884,,agent,android,tier1,False,True,False,False,False
a6de8b0b-b0c0-441c-ad4c-78604c61d2ce,WLT-00000002,2024-04-06 14:53:00,cashin,50.0,10.0,10125.522152566145,AGT-00006027,app,feature_phone,tier1,False,False,False,False,False
18eea249-a234-4463-a4e2-918cbf08d930,WLT-00000010,2024-01-06 20:06:00,airtime,1000.0,10.0,19124.322479504306,,ussd,android,tier2,False,False,False,False,False
345a8d7f-ef7d-46ac-80b6-777d68fa67b2,WLT-00000003,2024-06-28 16:19:00,p2p_send,9550.0,95.5,3824.097435280808,,ussd,feature_phone,tier1,False,False,False,True,False
0f6f9bb1-1b02-4dd4-a762-a071b247d858,WLT-00004715,2024-02-01 10:54:00,p2p_receive,5400.0,54.0,3666.9475783939843,,app,android,tier1,False,False,False,True,False
0db661f2-84c3-4e0b-b396-305bdaecab08,WLT-00093409,2024-05-04 15:11:00,airtime,1500.0,10.0,12274.583147125604,,ussd,android,tier1,False,False,False,False,False
01b38836-37f1-4381-988e-5748b0a8716f,WLT-00005967,2024-06-21 12:14:00,p2p_receive,61300.0,200.0,10231.049477722534,,ussd,android,tier2,False,False,True,True,False
b0db0212-084d-4d3b-a4d1-d78ea3a9a013,WLT-00351213,2024-06-01 15:18:00,airtime,500.0,10.0,1704.556352385141,,agent,android,tier1,False,False,False,False,False
254854b7-1406-49c2-a9f5-a7bb5d3a99ff,WLT-00050016,2024-06-26 11:40:00,cashin,850.0,10.0,12892.46629362642,AGT-00002277,app,android,tier2,False,False,False,False,False
c67d22aa-84c2-442b-b4af-63a62b44ba38,WLT-00373167,2024-06-18 21:05:00,p2p_receive,1200.0,10.0,5972.856880310936,,ussd,ios,tier1,False,False,False,False,False
a75851de-7928-4a11-acb7-b2115a3428b5,WLT-00066093,2024-02-23 21:30:00,airtime,500.0,10.0,4821.999041227248,,app,feature_phone,tier1,False,False,False,False,False
86c6afd1-8997-4dc6-8ddf-1bf4ce816dc2,WLT-00262518,2024-02-16 07:25:00,p2p_send,1250.0,10.0,2521.254874160387,,ussd,android,tier1,False,False,False,False,False
237b5ae8-2dee-4408-8255-f7ea1bd70704,WLT-00000033,2024-05-21 20:09:00,p2p_send,7350.0,73.5,8971.30155498994,,ussd,feature_phone,tier2,False,False,False,True,False
1bc8b296-a8fa-4368-a1dd-81b9d5e92489,WLT-00000006,2024-04-23 23:54:00,p2p_receive,1100.0,10.0,35278.505426524134,,app,feature_phone,tier1,False,False,False,False,True
a556a0d5-a23d-4b46-8f5f-b33de826fa9a,WLT-00348684,2024-04-08 11:59:00,airtime,1000.0,10.0,7983.737231242117,,app,android,tier2,False,False,False,False,False
fcbdc671-c12d-449f-84a7-62fb29834955,WLT-00164447,2024-03-08 18:30:00,p2p_send,3800.0,10.0,3965.00798252515,,ussd,feature_phone,tier2,False,False,False,False,False
1b42db18-bae7-4b75-87af-cce8abb19053,WLT-00028382,2024-03-25 19:09:00,p2p_send,1550.0,10.0,5671.71476419027,,agent,android,tier1,False,False,False,False,False
b4ee175f-2148-4b0a-960e-5a3b75ad3930,WLT-00107608,2024-03-01 20:14:00,p2p_receive,26800.0,200.0,3608.1175612251063,,ussd,android,tier3,False,False,True,True,False
e4ce6251-0108-4552-96a3-08968d70a5ba,WLT-00040223,2024-05-10 12:06:00,airtime,1500.0,10.0,7052.356198250772,,app,android,tier1,False,True,False,False,False
59b143b0-4a92-4775-aa21-874780390429,WLT-00002814,2024-04-06 18:09:00,p2p_receive,550.0,10.0,2181.391194074051,,agent,android,tier1,False,False,False,False,False
ff8a4f83-395f-4266-96bc-21a97420b20c,WLT-00000205,2024-03-17 12:02:00,cashout,1350.0,10.0,12543.79162961701,AGT-00008480,ussd,feature_phone,tier1,False,False,False,False,False
796638f7-136c-4aaf-96f5-3ec42dd0db3f,WLT-00201735,2024-01-20 10:35:00,airtime,1500.0,10.0,9415.405832077131,,agent,feature_phone,tier2,False,False,False,False,False
d08373ea-af48-4254-a8d0-67c31b95b341,WLT-00015149,2024-02-28 09:51:00,airtime,200.0,10.0,10839.612097880956,,ussd,android,tier1,False,False,False,False,False
f23dd0c3-723a-4607-b472-6c62307800b7,WLT-00002781,2024-06-13 18:04:00,p2p_send,12850.0,128.5,19137.48235563087,,app,android,tier1,False,False,True,True,False
127316b5-f4f5-4b4d-93c2-727c5e2cb4c0,WLT-00000001,2024-01-21 21:46:00,cashin,1500.0,10.0,5968.857213447048,AGT-00001392,ussd,android,tier2,False,False,False,False,False
419c4995-5d16-484f-883e-c6ce7dc44b7b,WLT-00004217,2024-01-13 22:00:00,billpay,300.0,10.0,7046.116117578211,,app,android,tier1,False,False,False,False,False
368c5bfe-8529-4602-acb6-8b50943516d7,WLT-00091161,2024-03-12 10:39:00,p2p_send,1650.0,10.0,4269.7624651002225,,ussd,android,tier1,False,False,False,False,False
ab0a2be1-4e0b-4808-b833-42933ed7af51,WLT-00000005,2024-04-25 19:40:00,airtime,2000.0,10.0,6491.009611129189,,ussd,android,tier1,False,False,False,False,False
1632ff05-ff9d-4446-9d8d-e833a0b30bea,WLT-00185784,2024-03-21 17:55:00,p2p_send,500.0,10.0,903.7138456331198,,ussd,android,tier1,False,False,False,False,False
f1e6b621-890e-49c9-851b-3a2742811f32,WLT-00048431,2024-03-08 12:50:00,p2p_send,4200.0,10.0,2539.472368721951,,ussd,ios,tier1,False,False,False,False,False
91bfe12e-3168-45be-828a-bf5b7140e650,WLT-00000016,2024-03-02 20:41:00,p2p_receive,550.0,10.0,58994.978597252484,,agent,android,tier2,False,False,False,False,True
acf8339d-f815-4431-bca8-737437ec8fb3,WLT-00157975,2024-03-01 07:33:00,airtime,200.0,10.0,6800.177386891036,,ussd,feature_phone,tier2,False,False,False,False,False
f8df4a00-2759-4027-a970-fa9d183d4ebd,WLT-00000013,2024-01-03 18:19:00,cashin,300.0,10.0,5836.80102134985,AGT-00004105,ussd,android,tier2,False,False,False,False,False
9e3efc3c-ac1a-42e9-bba0-bc7a9e43a606,WLT-00047569,2024-04-28 15:34:00,p2p_receive,650.0,10.0,3721.327650374127,,ussd,ios,tier1,False,False,False,False,False
890a6cf1-680c-425b-9fa1-021598594766,WLT-00026306,2024-04-21 14:21:00,p2p_send,4900.0,10.0,9362.290093818485,,agent,android,tier1,False,False,False,False,False
4b166520-d3ec-41a0-a9a1-d0f1e799a7d7,WLT-00000008,2024-03-07 22:25:00,p2p_send,6300.0,63.0,5555.0427933372175,,app,android,tier2,False,False,False,True,False
192d3963-9079-4da9-8a4c-7c9538d79c02,WLT-00067102,2024-01-23 21:43:00,airtime,1500.0,10.0,7365.819827086558,,ussd,feature_phone,tier2,False,False,False,False,False
40f22f33-e1c2-4b7f-83c5-d7f6ef8161b2,WLT-00000002,2024-05-08 16:36:00,p2p_send,8200.0,82.0,4267.4340942394,,web,feature_phone,tier1,False,False,False,True,False
68bfbe32-8cd6-4df3-8edc-36631777305d,WLT-00082236,2024-06-06 11:34:00,airtime,2000.0,10.0,51444.582130912946,,ussd,android,tier2,False,False,False,False,True
dee7e212-314f-4ef3-8a10-7d2c5f0f88cf,WLT-00000001,2024-02-16 19:43:00,p2p_receive,3850.0,10.0,11126.942103624851,,ussd,android,tier2,False,False,False,False,False
a896b184-0502-46b9-b600-98bbd993a2a9,WLT-00049263,2024-05-28 12:57:00,billpay,1400.0,10.0,44281.16386501997,,ussd,android,tier1,False,False,False,False,True
2fdcd117-34f6-45ce-a14e-662725ecf81d,WLT-00000023,2024-04-28 18:26:00,airtime,500.0,10.0,28406.23527335607,,ussd,feature_phone,tier1,False,False,False,False,False
979ce3b5-2d0a-4424-a218-d97f4566faf1,WLT-00000650,2024-01-25 18:20:00,p2p_send,35200.0,200.0,9499.390114490381,,app,android,tier2,False,False,True,True,False
a7a63faf-6452-4237-99af-361847065faa,WLT-00104464,2024-06-22 15:45:00,airtime,2000.0,10.0,9765.055488697508,,ussd,android,tier2,False,False,False,False,False
0e6640fe-8281-4984-b8a0-c499d59b096f,WLT-00056917,2024-02-20 19:29:00,data,1000.0,10.0,18063.11092939022,,app,android,tier1,False,False,False,False,False
8d8fd381-1d7f-4307-9ffa-a44331949b7c,WLT-00126440,2024-06-18 07:51:00,cashin,4000.0,10.0,27823.18547608377,AGT-00006996,agent,feature_phone,tier2,False,False,False,False,False
93fae9a9-8afe-4cf8-89b8-65cdf90a7483,WLT-00000056,2024-01-07 20:20:00,cashin,750.0,10.0,14364.433154593158,AGT-00002539,ussd,android,tier1,False,False,False,False,False
c462e605-592b-437a-9ae3-652aa0a0ae42,WLT-00000374,2024-05-16 17:14:00,airtime,1000.0,10.0,2750.8995152409957,,ussd,android,tier1,False,True,False,False,False
5e2950fa-d69d-4836-8ecb-6f6e29cc5080,WLT-00007577,2024-02-17 09:02:00,billpay,400.0,10.0,3796.9559293830625,,agent,android,tier1,False,False,False,False,False
bfa4d3b6-4c9e-460c-8cb8-305c497f63ef,WLT-00036692,2024-03-31 20:58:00,p2p_receive,23200.0,200.0,14596.14589007152,,ussd,feature_phone,tier1,False,False,True,True,False
32fb360c-f6ac-43dc-8c5e-19b462675611,WLT-00000003,2024-06-21 18:43:00,cashout,1150.0,10.0,15388.372649896315,AGT-00003416,app,android,tier1,False,False,False,False,False
73d57514-5fe1-48c9-90fb-134d3a1b6bdb,WLT-00273697,2024-04-03 15:05:00,cashin,6900.0,69.0,7903.016742096168,AGT-00005250,ussd,android,tier1,False,False,False,True,False
9aab8381-abec-4fff-b04b-78a03db64bf1,WLT-00008751,2024-02-02 18:35:00,cashout,550.0,10.0,28127.634679189086,AGT-00000010,app,android,tier3,False,False,False,False,False
8712d5bc-e8dc-4627-9815-f3374c4017e3,WLT-00037376,2024-05-25 18:40:00,p2p_send,500.0,10.0,2837.0176062121523,,ussd,android,tier1,False,False,False,False,False
b643d271-b5f6-4c60-8ad2-ec7a53b915ab,WLT-00031516,2024-06-21 19:03:00,p2p_receive,1250.0,10.0,1947.202792369618,,app,android,tier1,False,False,False,False,False
1fb07a2f-49ec-40b1-894b-b804a373a7cd,WLT-00001966,2024-03-29 08:14:00,cashout,450.0,10.0,14845.549830804168,AGT-00005177,ussd,android,tier1,False,False,False,False,False
fd4d13dc-6975-4537-b487-16b842eed280,WLT-00000584,2024-04-25 09:58:00,billpay,2650.0,10.0,7474.924362041118,,agent,feature_phone,tier1,False,False,False,False,False
018443d5-25cc-497e-8b34-4cbe8d820c59,WLT-00031422,2024-03-01 19:59:00,airtime,500.0,10.0,16364.9814395776,,app,android,tier2,False,False,False,False,False
66e7a2e0-e8a0-4379-96e4-e4fcf3ea5fb3,WLT-00000385,2024-03-25 23:43:00,airtime,2000.0,10.0,892.4602681158583,,agent,android,tier1,False,True,False,False,False
b5ebc217-12f8-4785-8504-bd52acf15d73,WLT-00006353,2024-04-01 20:48:00,p2p_send,1100.0,10.0,6841.016356959857,,ussd,android,tier1,False,False,False,False,False
90c06b87-d7e6-4c6d-9273-a6efae76af01,WLT-00020728,2024-06-24 12:22:00,data,200.0,10.0,7190.388602421819,,agent,ios,tier1,False,False,False,False,False
36cba970-88ae-4e18-8d73-4e441f4bad8a,WLT-00133310,2024-06-21 07:40:00,p2p_send,1050.0,10.0,36694.48205293947,,app,feature_phone,tier2,False,False,False,False,True
44a0007e-9832-4be2-9413-815973f96027,WLT-00025631,2024-01-25 15:35:00,airtime,1000.0,10.0,1558.34023391649,,app,feature_phone,tier1,False,False,False,False,False
8b7782c6-0c1a-480d-93ab-c373aec6cf76,WLT-00000004,2024-04-06 07:05:00,p2p_send,4100.0,10.0,1816.2619373653897,,app,android,tier2,False,False,False,False,False
94d34ac8-f67b-4e8e-a9f5-54f8ad021a44,WLT-00000013,2024-03-22 12:18:00,data,1500.0,10.0,1593.2551984828606,,agent,android,tier2,False,False,False,False,False
1f223a58-7868-4cb5-b096-759ec823fc9a,WLT-00374239,2024-03-16 18:41:00,p2p_receive,1600.0,10.0,4648.585080646643,,app,android,tier1,False,False,False,False,False
15296ad0-e90b-4d37-ad74-1d5aeadf1376,WLT-00009755,2024-01-04 16:49:00,cashout,18500.0,185.0,11969.989790669882,AGT-00008940,app,android,tier1,False,False,True,True,False
4b282f48-0286-4d3a-8714-2e8e8a817966,WLT-00292029,2024-02-24 17:24:00,airtime,500.0,10.0,43384.58989452837,,ussd,feature_phone,tier2,False,False,False,False,True
46f4e0a1-142b-4598-9adf-3d5cb5329c88,WLT-00012167,2024-03-03 08:38:00,billpay,2500.0,10.0,3537.0508095126756,,ussd,feature_phone,tier1,False,False,False,False,False
ededbcf5-7a3f-4a1b-80cb-13e684cc80ce,WLT-00000024,2024-01-29 20:59:00,p2p_send,5350.0,53.5,7450.7055710018385,,ussd,android,tier1,False,False,False,True,False
1d00b66c-b572-4cc0-a368-35430d67b3e0,WLT-00048681,2024-02-21 10:01:00,airtime,200.0,10.0,6475.71354841717,,app,feature_phone,tier1,False,True,False,False,False
ac2d6c11-918a-4473-9ef7-d70e2b681ec9,WLT-00010740,2024-03-27 20:57:00,cashin,650.0,10.0,4015.2898353292644,AGT-00004529,app,android,tier1,False,False,False,False,False
18045877-8c4c-4d4d-81be-03fd3fdc77c7,WLT-00000520,2024-04-25 19:10:00,p2p_receive,2300.0,10.0,34610.301756627196,,ussd,android,tier1,False,False,False,False,True
41d5a5e2-e63e-4a31-9172-98248e23d0c2,WLT-00004506,2024-03-17 07:38:00,p2p_receive,3600.0,10.0,3476.197473569032,,ussd,ios,tier1,False,False,False,False,False
7f4b0873-9e39-47e1-a84c-4b0d30e290da,WLT-00000380,2024-04-08 18:19:00,airtime,1500.0,10.0,22109.705959176426,,app,android,tier2,False,False,False,False,False
99970595-e822-485d-8887-33297c0d6c58,WLT-00000001,2024-01-01 11:56:00,p2p_send,850.0,10.0,9446.043692575642,,ussd,feature_phone,tier2,False,False,False,False,False
ec2d89df-aa16-4cec-af6f-14bb97f38428,WLT-00087521,2024-01-22 07:26:00,billpay,3200.0,10.0,3978.29953456205,,ussd,ios,tier1,False,False,False,False,False
9034f0e7-24c2-43d0-989e-48404c269306,WLT-00001766,2024-06-22 03:32:00,p2p_receive,4750.0,10.0,719.7186313773528,,ussd,android,tier2,False,False,False,False,False
4629f8c0-2fb5-409f-a418-98bb58407902,WLT-00132231,2024-04-06 12:48:00,cashout,150.0,10.0,3226.2179111443625,AGT-00007089,app,android,tier2,False,False,False,False,False
ed3df1bb-34f1-4cb1-9e88-ac18e051893d,WLT-00004852,2024-01-16 17:59:00,billpay,2050.0,10.0,7212.309077809131,,agent,android,tier1,False,False,False,False,False
333288bf-4349-4566-8ec9-3a1dc182c793,WLT-00080531,2024-01-28 23:38:00,cashin,300.0,10.0,14615.816067523732,AGT-00004698,app,feature_phone,tier2,False,False,False,False,False
01668be0-9c24-46f7-ba30-d18a23c0e9cf,WLT-00064603,2024-02-14 17:24:00,airtime,500.0,10.0,11997.998234593628,,app,android,tier2,False,False,False,False,False
8f7f4e0d-f485-4e37-90a3-3fd27389f258,WLT-00000380,2024-05-02 07:20:00,p2p_send,2650.0,10.0,4120.872659158486,,agent,android,tier2,False,False,False,False,False
bae83c71-45c6-4892-82c8-f144e177a20c,WLT-00247744,2024-06-02 20:55:00,airtime,1000.0,10.0,12049.121106140637,,ussd,android,tier1,False,False,False,False,False
691938a8-9f04-44ff-b235-fa361b74f658,WLT-00000005,2024-01-02 22:57:00,billpay,800.0,10.0,3656.2847973848507,,app,android,tier1,False,False,False,False,False
a1fcb37a-2775-4184-8a0c-29cb148d9a91,WLT-00031158,2024-05-05 11:06:00,p2p_send,2200.0,10.0,2499.4834617646966,,app,android,tier1,False,False,False,False,False
05e84d73-28e4-4025-b8ae-697cfaad8194,WLT-00003458,2024-02-06 09:44:00,p2p_receive,1150.0,10.0,3121.8672488113625,,agent,android,tier1,False,False,False,False,False
13ffd5bf-87d4-410f-b373-2cc67848dea3,WLT-00000718,2024-02-12 06:35:00,cashout,1250.0,10.0,5667.131175673532,AGT-00007783,agent,android,tier1,False,False,False,False,False
08f31e98-f5d9-4579-8148-ef8b83f8a87a,WLT-00320416,2024-05-26 08:58:00,billpay,750.0,10.0,18961.65883542719,,ussd,feature_phone,tier1,False,False,False,False,False
c995d6ab-bd0b-44f7-801c-0666051956a4,WLT-00018948,2024-06-10 07:53:00,p2p_receive,650.0,10.0,7361.465733002366,,app,feature_phone,tier1,False,False,False,False,False
5c149751-1c9c-4a16-b06c-d339e4c704c9,WLT-00087734,2024-03-24 23:55:00,cashout,1450.0,10.0,11540.544668006869,AGT-00004416,app,android,tier2,False,False,False,False,False
